StoreKey,State,Country,"Square Meters","Open Date",Is_Online,Total_Orders,Total_Units_Sold,Total_Revenue_USD,Total_Profit_USD,Revenue_per_SqM
0,Aberdeen,"United Kingdom",0,"2010-01-01 00:00:00",1,4,30,2837.46,1481.6399999999999,NULL
0,Aberdeenshire,"United Kingdom",0,"2010-01-01 00:00:00",1,14,86,26291.909999999996,15665.180000000002,NULL
0,Alabama,"United States",0,"2010-01-01 00:00:00",1,52,499,120311.05000000002,70873.46000000002,NULL
0,Alaska,"United States",0,"2010-01-01 00:00:00",1,16,125,25190.66,13723.479999999998,NULL
0,Alberta,Canada,0,"2010-01-01 00:00:00",1,87,615,175795.99000000005,104486.44000000008,NULL
0,Alessandria,Italy,0,"2010-01-01 00:00:00",1,7,66,16944.489999999998,9474.83,NULL
0,Allerdale,"United Kingdom",0,"2010-01-01 00:00:00",1,2,17,10474.63,6759.789999999999,NULL
0,Alsace,France,0,"2010-01-01 00:00:00",1,4,63,24795.480000000003,14585.449999999999,NULL
0,"Amber Valley","United Kingdom",0,"2010-01-01 00:00:00",1,1,10,3850.54,2543.64,NULL
0,Ancona,Italy,0,"2010-01-01 00:00:00",1,2,26,3645.86,1940.86,NULL
0,Anglesey,"United Kingdom",0,"2010-01-01 00:00:00",1,5,47,7944.199999999999,4911.030000000001,NULL
0,Angus,"United Kingdom",0,"2010-01-01 00:00:00",1,6,47,5386.7,2916.5800000000004,NULL
0,Aosta,Italy,0,"2010-01-01 00:00:00",1,2,22,2765.3900000000003,1644.9999999999998,NULL
0,Aquitaine,France,0,"2010-01-01 00:00:00",1,7,61,17060.7,10232.53,NULL
0,Arezzo,Italy,0,"2010-01-01 00:00:00",1,1,3,68.97,37.26,NULL
0,Argyllshire,"United Kingdom",0,"2010-01-01 00:00:00",1,20,133,34911.01,20365.68,NULL
0,Arizona,"United States",0,"2010-01-01 00:00:00",1,52,420,105928.12,61711.43000000001,NULL
0,Arkansas,"United States",0,"2010-01-01 00:00:00",1,38,303,95361.80999999998,56420.76000000001,NULL
0,Arun,"United Kingdom",0,"2010-01-01 00:00:00",1,1,11,3444.9,1788.0900000000001,NULL
0,"Ascoli Piceno",Italy,0,"2010-01-01 00:00:00",1,5,22,3116.8900000000003,1645.44,NULL
0,Ashford,"United Kingdom",0,"2010-01-01 00:00:00",1,2,12,19150.7,12509.769999999999,NULL
0,Asti,Italy,0,"2010-01-01 00:00:00",1,1,1,8.88,4.800000000000001,NULL
0,"Australian Capital Territory",Australia,0,"2010-01-01 00:00:00",1,3,25,15353.84,9214.380000000001,NULL
0,Auvergne,France,0,"2010-01-01 00:00:00",1,2,14,1277.97,675.28,NULL
0,Avellino,Italy,0,"2010-01-01 00:00:00",1,2,4,2053.99,1369.9900000000002,NULL
0,"Aylesbury Vale","United Kingdom",0,"2010-01-01 00:00:00",1,2,6,1434,712.78,NULL
0,Babergh,"United Kingdom",0,"2010-01-01 00:00:00",1,2,3,613.6800000000001,383.15,NULL
0,Baden-Württemberg,Germany,0,"2010-01-01 00:00:00",1,50,422,108066.99999999999,61632.00000000001,NULL
0,Bari,Italy,0,"2010-01-01 00:00:00",1,1,6,69.84,37.260000000000005,NULL
0,Bedford,"United Kingdom",0,"2010-01-01 00:00:00",1,2,9,863.8499999999999,423.41999999999996,NULL
0,Belluno,Italy,0,"2010-01-01 00:00:00",1,1,3,2274,1228.26,NULL
0,Bergamo,Italy,0,"2010-01-01 00:00:00",1,4,31,7236.96,3852.1199999999994,NULL
0,Berkshire,"United Kingdom",0,"2010-01-01 00:00:00",1,2,10,4579.6,2320.52,NULL
0,Berlin,Germany,0,"2010-01-01 00:00:00",1,11,70,14295.240000000002,7648.75,NULL
0,Biella,Italy,0,"2010-01-01 00:00:00",1,1,3,297.75,160.83,NULL
0,Bologna,Italy,0,"2010-01-01 00:00:00",1,3,19,3618.79,1937.42,NULL
0,Bolzano,Italy,0,"2010-01-01 00:00:00",1,3,19,5425,2746.9199999999996,NULL
0,Boston,"United Kingdom",0,"2010-01-01 00:00:00",1,4,46,8178.34,4350.12,NULL
0,Bourgogne,France,0,"2010-01-01 00:00:00",1,2,10,1074.3600000000001,583.64,NULL
0,Braintree,"United Kingdom",0,"2010-01-01 00:00:00",1,2,7,3071.78,1980.2600000000002,NULL
0,Brandenburg,Germany,0,"2010-01-01 00:00:00",1,20,163,58358.06999999999,34475.130000000005,NULL
0,Breckland,"United Kingdom",0,"2010-01-01 00:00:00",1,1,24,7609.5,4705.17,NULL
0,Brescia,Italy,0,"2010-01-01 00:00:00",1,2,17,2645.69,1714.0000000000002,NULL
0,Bretagne,France,0,"2010-01-01 00:00:00",1,5,45,5806.92,2989.5399999999995,NULL
0,Bridgend,"United Kingdom",0,"2010-01-01 00:00:00",1,3,44,20832.87,13492.150000000001,NULL
0,Bristol,"United Kingdom",0,"2010-01-01 00:00:00",1,3,36,9154.109999999999,4875.650000000001,NULL
0,"British Columbia",Canada,0,"2010-01-01 00:00:00",1,86,609,173697.49000000002,98725.98999999995,NULL
0,Bromley,"United Kingdom",0,"2010-01-01 00:00:00",1,2,17,3370.6,2024.8000000000002,NULL
0,Bromsgrove,"United Kingdom",0,"2010-01-01 00:00:00",1,1,10,778.91,381.78999999999996,NULL
0,Burnley,"United Kingdom",0,"2010-01-01 00:00:00",1,1,7,1129.64,679.66,NULL
0,Caerphilly,"United Kingdom",0,"2010-01-01 00:00:00",1,1,5,975,522.89,NULL
0,California,"United States",0,"2010-01-01 00:00:00",1,335,2473,623083.289999999,363525.4499999997,NULL
0,Cambridge,"United Kingdom",0,"2010-01-01 00:00:00",1,1,13,2229.9700000000003,1183.46,NULL
0,Campobasso,Italy,0,"2010-01-01 00:00:00",1,2,11,7600.37,4194,NULL
0,Carlisle,"United Kingdom",0,"2010-01-01 00:00:00",1,7,44,17932.52,11010.49,NULL
0,Carmarthenshire,"United Kingdom",0,"2010-01-01 00:00:00",1,7,52,15725.91,9451.09,NULL
0,Caserta,Italy,0,"2010-01-01 00:00:00",1,4,27,6614.720000000001,4050.6400000000003,NULL
0,Catania,Italy,0,"2010-01-01 00:00:00",1,3,10,1509.8600000000001,802.5400000000001,NULL
0,Catanzaro,Italy,0,"2010-01-01 00:00:00",1,2,24,6451.51,3362.2299999999996,NULL
0,"Central Bedfordshire","United Kingdom",0,"2010-01-01 00:00:00",1,1,12,1452.93,784.7900000000001,NULL
0,Centre,France,0,"2010-01-01 00:00:00",1,6,54,17398.7,10523.12,NULL
0,Ceredigion,"United Kingdom",0,"2010-01-01 00:00:00",1,7,68,30988.94,18471.92,NULL
0,Champagne-Ardenne,France,0,"2010-01-01 00:00:00",1,2,5,849.95,459.09999999999997,NULL
0,Charnwood,"United Kingdom",0,"2010-01-01 00:00:00",1,2,20,5254.099999999999,2633.1299999999997,NULL
0,Chelmsford,"United Kingdom",0,"2010-01-01 00:00:00",1,4,22,7500.529999999999,4037.8399999999997,NULL
0,"Cheshire East","United Kingdom",0,"2010-01-01 00:00:00",1,3,15,5750.599999999999,3431.6299999999997,NULL
0,"Cheshire West and Chester","United Kingdom",0,"2010-01-01 00:00:00",1,6,40,2851.7400000000002,1542.46,NULL
0,Chieti,Italy,0,"2010-01-01 00:00:00",1,2,18,2972.1899999999996,1495.6799999999998,NULL
0,Colorado,"United States",0,"2010-01-01 00:00:00",1,40,299,88241.43,52551.08,NULL
0,"Comhairle nan Eilean Siar","United Kingdom",0,"2010-01-01 00:00:00",1,6,36,14081.989999999998,8288.18,NULL
0,Como,Italy,0,"2010-01-01 00:00:00",1,5,45,9247.039999999999,5164.77,NULL
0,Connecticut,"United States",0,"2010-01-01 00:00:00",1,29,217,43048.619999999995,24187.55999999999,NULL
0,Conwy,"United Kingdom",0,"2010-01-01 00:00:00",1,2,3,219,144,NULL
0,Copeland,"United Kingdom",0,"2010-01-01 00:00:00",1,3,22,3216.8599999999997,1962.22,NULL
0,Cornwall,"United Kingdom",0,"2010-01-01 00:00:00",1,18,141,47329.09000000001,26945.859999999997,NULL
0,Corse,France,0,"2010-01-01 00:00:00",1,1,4,350.87,176.03999999999996,NULL
0,Cosenza,Italy,0,"2010-01-01 00:00:00",1,3,14,4471.4400000000005,2844.7000000000003,NULL
0,Cotswold,"United Kingdom",0,"2010-01-01 00:00:00",1,4,21,2238.86,1140.12,NULL
0,"County Durham","United Kingdom",0,"2010-01-01 00:00:00",1,5,38,7315.579999999999,3915.7000000000003,NULL
0,Craven,"United Kingdom",0,"2010-01-01 00:00:00",1,1,12,3128.1399999999994,1533.3399999999995,NULL
0,Crawley,"United Kingdom",0,"2010-01-01 00:00:00",1,1,8,1762.26,1035.76,NULL
0,Cremona,Italy,0,"2010-01-01 00:00:00",1,2,11,3269,1765.73,NULL
0,Cuneo,Italy,0,"2010-01-01 00:00:00",1,6,29,2844.61,1566.46,NULL
0,Dacorum,"United Kingdom",0,"2010-01-01 00:00:00",1,1,8,1273.95,687.73,NULL
0,Darlington,"United Kingdom",0,"2010-01-01 00:00:00",1,3,18,5465.370000000001,2998.8500000000004,NULL
0,Daventry,"United Kingdom",0,"2010-01-01 00:00:00",1,2,15,1363.26,690.74,NULL
0,Delaware,"United States",0,"2010-01-01 00:00:00",1,10,29,5788.5,2987.5299999999997,NULL
0,Denbighshire,"United Kingdom",0,"2010-01-01 00:00:00",1,1,12,818.53,401.21999999999997,NULL
0,"Derbyshire Dales","United Kingdom",0,"2010-01-01 00:00:00",1,4,29,7201.64,4138.42,NULL
0,Doncaster,"United Kingdom",0,"2010-01-01 00:00:00",1,1,19,4295.200000000001,2203.4500000000003,NULL
0,Drenthe,Netherlands,0,"2010-01-01 00:00:00",1,5,23,10815.16,6388.070000000001,NULL
0,Dudley,"United Kingdom",0,"2010-01-01 00:00:00",1,1,1,410,200.97,NULL
0,Dumfriesshire,"United Kingdom",0,"2010-01-01 00:00:00",1,9,67,10135.21,5413.510000000001,NULL
0,Dundee,"United Kingdom",0,"2010-01-01 00:00:00",1,1,5,1882.35,1012.51,NULL
0,"East Ayrshire","United Kingdom",0,"2010-01-01 00:00:00",1,1,3,698.98,352.62,NULL
0,"East Devon","United Kingdom",0,"2010-01-01 00:00:00",1,1,2,2950,1972.6,NULL
0,"East Dorset","United Kingdom",0,"2010-01-01 00:00:00",1,1,10,21911.14,14648.699999999999,NULL
0,"East Hampshire","United Kingdom",0,"2010-01-01 00:00:00",1,1,3,345,186.35999999999999,NULL
0,"East Hertfordshire","United Kingdom",0,"2010-01-01 00:00:00",1,1,4,1520,745.04,NULL
0,"East Lindsey","United Kingdom",0,"2010-01-01 00:00:00",1,2,17,1957.22,1045.62,NULL
0,"East Lothian","United Kingdom",0,"2010-01-01 00:00:00",1,2,10,722.9100000000001,370.17999999999995,NULL
0,"East Northamptonshire","United Kingdom",0,"2010-01-01 00:00:00",1,2,9,3628.97,1958.7500000000002,NULL
0,"East Riding of Yorkshire","United Kingdom",0,"2010-01-01 00:00:00",1,6,46,7811.63,4390.48,NULL
0,Eden,"United Kingdom",0,"2010-01-01 00:00:00",1,3,23,12126.8,7830.04,NULL
0,Enfield,"United Kingdom",0,"2010-01-01 00:00:00",1,1,4,796,429.96,NULL
0,Exeter,"United Kingdom",0,"2010-01-01 00:00:00",1,8,45,8334.64,4734.28,NULL
0,Falkirk,"United Kingdom",0,"2010-01-01 00:00:00",1,8,62,11507.039999999999,6529.520000000001,NULL
0,Ferrara,Italy,0,"2010-01-01 00:00:00",1,1,1,4.99,2.45,NULL
0,Fife,"United Kingdom",0,"2010-01-01 00:00:00",1,9,85,15178.51,8447.65,NULL
0,Firenze,Italy,0,"2010-01-01 00:00:00",1,3,29,11115.599999999999,6779.67,NULL
0,Flevoland,Netherlands,0,"2010-01-01 00:00:00",1,9,59,9260.579999999998,5294.720000000002,NULL
0,Flintshire,"United Kingdom",0,"2010-01-01 00:00:00",1,2,12,6834.280000000001,3791.5300000000007,NULL
0,Florida,"United States",0,"2010-01-01 00:00:00",1,149,1174,318159.5200000001,189103.16000000006,NULL
0,"Freie Hansestadt Bremen",Germany,0,"2010-01-01 00:00:00",1,7,40,4062.17,2184.6400000000003,NULL
0,"Freistaat Bayern",Germany,0,"2010-01-01 00:00:00",1,159,1106,318107.66000000003,189461.86000000022,NULL
0,"Freistaat Sachsen",Germany,0,"2010-01-01 00:00:00",1,30,270,94782.99,57692.90999999999,NULL
0,"Freistaat Thüringen",Germany,0,"2010-01-01 00:00:00",1,14,67,13180.1,7123.07,NULL
0,Friesland,Netherlands,0,"2010-01-01 00:00:00",1,10,64,20165.829999999998,12087.47,NULL
0,Fylde,"United Kingdom",0,"2010-01-01 00:00:00",1,1,10,4856.93,2872.9100000000003,NULL
0,Gateshead,"United Kingdom",0,"2010-01-01 00:00:00",1,1,25,11835.649999999998,7627.88,NULL
0,Gelderland,Netherlands,0,"2010-01-01 00:00:00",1,24,159,34925.30000000001,20283.040000000005,NULL
0,Genova,Italy,0,"2010-01-01 00:00:00",1,8,61,9268.760000000002,5360.709999999999,NULL
0,Georgia,"United States",0,"2010-01-01 00:00:00",1,87,658,183237.89000000004,108334.25000000004,NULL
0,Gloucester,"United Kingdom",0,"2010-01-01 00:00:00",1,5,18,5045.54,2698.77,NULL
0,Gorizia,Italy,0,"2010-01-01 00:00:00",1,1,2,49.98,24.499999999999996,NULL
0,Gravesham,"United Kingdom",0,"2010-01-01 00:00:00",1,1,1,159.99,86.42000000000002,NULL
0,Groningen,Netherlands,0,"2010-01-01 00:00:00",1,8,65,23267.110000000004,14330.199999999997,NULL
0,Grosseto,Italy,0,"2010-01-01 00:00:00",1,2,6,5316,3323.7000000000003,NULL
0,Guildford,"United Kingdom",0,"2010-01-01 00:00:00",1,1,2,3636,1963.94,NULL
0,Guyane,France,0,"2010-01-01 00:00:00",1,4,12,1274.3000000000002,676.38,NULL
0,Gwynedd,"United Kingdom",0,"2010-01-01 00:00:00",1,5,53,29430.02,15962.06,NULL
0,Hackney,"United Kingdom",0,"2010-01-01 00:00:00",1,1,5,3447,2173.14,NULL
0,Hamburg,Germany,0,"2010-01-01 00:00:00",1,12,76,18149.23,10135.949999999997,NULL
0,Hampshire,"United Kingdom",0,"2010-01-01 00:00:00",1,3,22,10625.5,5870.55,NULL
0,Harrogate,"United Kingdom",0,"2010-01-01 00:00:00",1,1,12,3198.9,1824.3500000000001,NULL
0,Haute-Normandie,France,0,"2010-01-01 00:00:00",1,1,6,1222.24,814.0400000000001,NULL
0,Hawaii,"United States",0,"2010-01-01 00:00:00",1,12,87,31807.36,17856.640000000003,NULL
0,Hereford,"United Kingdom",0,"2010-01-01 00:00:00",1,12,84,18132,10374.229999999998,NULL
0,Hessen,Germany,0,"2010-01-01 00:00:00",1,19,131,30505.73,17288.359999999997,NULL
0,Highland,"United Kingdom",0,"2010-01-01 00:00:00",1,27,158,46360.35,28244.06,NULL
0,Hillingdon,"United Kingdom",0,"2010-01-01 00:00:00",1,2,31,3735.2799999999997,1837.9,NULL
0,Horsham,"United Kingdom",0,"2010-01-01 00:00:00",1,1,7,2989.9,1679.54,NULL
0,Huntingdonshire,"United Kingdom",0,"2010-01-01 00:00:00",1,3,13,1950.3300000000002,1181.1000000000001,NULL
0,Idaho,"United States",0,"2010-01-01 00:00:00",1,11,93,20009.01,11132.740000000002,NULL
0,Île-de-France,France,0,"2010-01-01 00:00:00",1,51,382,94100.41999999998,56419.17000000002,NULL
0,Illinois,"United States",0,"2010-01-01 00:00:00",1,132,989,246335.32000000024,141814.83000000005,NULL
0,Imperia,Italy,0,"2010-01-01 00:00:00",1,1,14,5208.71,2909.86,NULL
0,Indiana,"United States",0,"2010-01-01 00:00:00",1,71,471,150789.21000000005,89157.82000000002,NULL
0,Iowa,"United States",0,"2010-01-01 00:00:00",1,27,187,47776.26,26760.09999999999,NULL
0,Ipswich,"United Kingdom",0,"2010-01-01 00:00:00",1,1,2,64,31.380000000000003,NULL
0,Isernia,Italy,0,"2010-01-01 00:00:00",1,3,28,5368.92,2848.9900000000002,NULL
0,"Isle of Man","United Kingdom",0,"2010-01-01 00:00:00",1,3,58,24674.89,15283.98,NULL
0,"Isle of Wight","United Kingdom",0,"2010-01-01 00:00:00",1,1,5,2307.77,1491.75,NULL
0,Kansas,"United States",0,"2010-01-01 00:00:00",1,39,245,69257.31999999998,38313.91999999999,NULL
0,Kennet,"United Kingdom",0,"2010-01-01 00:00:00",1,1,13,6877.98,4440.63,NULL
0,"Kensington and Chelsea","United Kingdom",0,"2010-01-01 00:00:00",1,1,5,63.3,34.199999999999996,NULL
0,Kent,"United Kingdom",0,"2010-01-01 00:00:00",1,7,59,9762.15,5142.070000000001,NULL
0,Kentucky,"United States",0,"2010-01-01 00:00:00",1,50,336,85834.42000000003,48809.640000000014,NULL
0,Kinross-Shire,"United Kingdom",0,"2010-01-01 00:00:00",1,1,1,850,459.12,NULL
0,Kirkcudbrightshire,"United Kingdom",0,"2010-01-01 00:00:00",1,2,15,3220.92,1685.78,NULL
0,Knowsley,"United Kingdom",0,"2010-01-01 00:00:00",1,1,10,3390,1831.1000000000001,NULL
0,L'Aquila,Italy,0,"2010-01-01 00:00:00",1,4,14,2187.08,1246.1,NULL
0,"La Spezia",Italy,0,"2010-01-01 00:00:00",1,2,25,4219.3,2276.76,NULL
0,Lancaster,"United Kingdom",0,"2010-01-01 00:00:00",1,3,12,3126.8300000000004,1567.48,NULL
0,Languedoc-Roussillon,France,0,"2010-01-01 00:00:00",1,5,64,19991.53,11753.900000000001,NULL
0,Latina,Italy,0,"2010-01-01 00:00:00",1,1,10,4830,3152.84,NULL
0,Lecce,Italy,0,"2010-01-01 00:00:00",1,1,9,867.78,471.65,NULL
0,Leicester,"United Kingdom",0,"2010-01-01 00:00:00",1,4,18,1851.19,1026.78,NULL
0,Lewes,"United Kingdom",0,"2010-01-01 00:00:00",1,2,19,3324.54,1828.2600000000002,NULL
0,Lichfield,"United Kingdom",0,"2010-01-01 00:00:00",1,1,2,399.8,215.94,NULL
0,Limburg,Netherlands,0,"2010-01-01 00:00:00",1,9,69,28257.49,17009.65,NULL
0,Lincoln,"United Kingdom",0,"2010-01-01 00:00:00",1,6,62,28978.469999999998,16679.199999999997,NULL
0,Liverpool,"United Kingdom",0,"2010-01-01 00:00:00",1,3,20,2313.02,1374.35,NULL
0,Livorno,Italy,0,"2010-01-01 00:00:00",1,1,13,2601.4700000000003,1511.58,NULL
0,"Llandrindod Wells","United Kingdom",0,"2010-01-01 00:00:00",1,6,37,7841.16,4395.22,NULL
0,Lorraine,France,0,"2010-01-01 00:00:00",1,2,11,1521.96,815.96,NULL
0,Louisiana,"United States",0,"2010-01-01 00:00:00",1,42,304,97568.51000000002,57178.96,NULL
0,Lucca,Italy,0,"2010-01-01 00:00:00",1,2,50,11664.11,6258.6900000000005,NULL
0,Macerata,Italy,0,"2010-01-01 00:00:00",1,4,21,2983.0099999999998,1752.2699999999998,NULL
0,Maidstone,"United Kingdom",0,"2010-01-01 00:00:00",1,2,14,2906.75,1857.63,NULL
0,Maine,"United States",0,"2010-01-01 00:00:00",1,17,165,81864.41,50548.170000000006,NULL
0,Manitoba,Canada,0,"2010-01-01 00:00:00",1,3,14,3281.7700000000004,1880.41,NULL
0,Mantova,Italy,0,"2010-01-01 00:00:00",1,3,8,2557.99,1381.68,NULL
0,Maryland,"United States",0,"2010-01-01 00:00:00",1,64,459,140572.83999999997,84996.98000000004,NULL
0,Massa,Italy,0,"2010-01-01 00:00:00",1,1,5,1130.8899999999999,678.19,NULL
0,Massachusetts,"United States",0,"2010-01-01 00:00:00",1,96,645,165999.78000000003,95747.24999999994,NULL
0,Mecklenburg-Vorpommern,Germany,0,"2010-01-01 00:00:00",1,14,121,26439.510000000006,15068.370000000003,NULL
0,Melton,"United Kingdom",0,"2010-01-01 00:00:00",1,4,39,9112.22,5040.87,NULL
0,Mendip,"United Kingdom",0,"2010-01-01 00:00:00",1,1,12,2882.89,1497.6399999999999,NULL
0,Messina,Italy,0,"2010-01-01 00:00:00",1,6,40,14545.38,8638.589999999998,NULL
0,Michigan,"United States",0,"2010-01-01 00:00:00",1,125,893,191368.13000000006,109340.36999999998,NULL
0,"Mid Devon","United Kingdom",0,"2010-01-01 00:00:00",1,2,24,16334.7,10778.169999999998,NULL
0,"Mid Suffolk","United Kingdom",0,"2010-01-01 00:00:00",1,6,34,7347.66,4104.25,NULL
0,"Mid Sussex","United Kingdom",0,"2010-01-01 00:00:00",1,1,5,676.98,449.12,NULL
0,Midi-Pyrénées,France,0,"2010-01-01 00:00:00",1,2,19,3472.34,2216.19,NULL
0,Midlothian,"United Kingdom",0,"2010-01-01 00:00:00",1,1,14,6841.28,4423.889999999999,NULL
0,Milano,Italy,0,"2010-01-01 00:00:00",1,5,22,2618.59,1366.55,NULL
0,"Milton Keynes","United Kingdom",0,"2010-01-01 00:00:00",1,1,1,338,182.57,NULL
0,Minnesota,"United States",0,"2010-01-01 00:00:00",1,64,509,112586.10000000003,63409.73000000006,NULL
0,Mississippi,"United States",0,"2010-01-01 00:00:00",1,43,299,98887.00000000001,59163.91000000003,NULL
0,Missouri,"United States",0,"2010-01-01 00:00:00",1,71,511,153121.45000000007,90173.63000000009,NULL
0,Modena,Italy,0,"2010-01-01 00:00:00",1,2,13,3642.29,2346.23,NULL
0,Monmouthshire,"United Kingdom",0,"2010-01-01 00:00:00",1,3,18,3402.7599999999998,1738.5299999999997,NULL
0,Montana,"United States",0,"2010-01-01 00:00:00",1,7,57,11873.749999999996,6747.639999999999,NULL
0,Moray,"United Kingdom",0,"2010-01-01 00:00:00",1,3,20,6535.97,3549.93,NULL
0,Napoli,Italy,0,"2010-01-01 00:00:00",1,1,6,775.98,380.34,NULL
0,Nebraska,"United States",0,"2010-01-01 00:00:00",1,25,231,52953.030000000006,30500.24,NULL
0,Nevada,"United States",0,"2010-01-01 00:00:00",1,20,139,44740.850000000006,26613.13999999999,NULL
0,"New Forest","United Kingdom",0,"2010-01-01 00:00:00",1,1,6,1097.32,592.7199999999999,NULL
0,"New Hampshire","United States",0,"2010-01-01 00:00:00",1,13,91,18091.08,10721.45,NULL
0,"New Jersey","United States",0,"2010-01-01 00:00:00",1,78,596,133664.96000000008,74907.23000000001,NULL
0,"New Mexico","United States",0,"2010-01-01 00:00:00",1,17,143,46623.020000000004,27900.789999999997,NULL
0,"New South Wales",Australia,0,"2010-01-01 00:00:00",1,96,751,232230.33,135631.0099999999,NULL
0,"New York","United States",0,"2010-01-01 00:00:00",1,200,1432,385668.0699999999,221343.64000000004,NULL
0,"Newark and Sherwood","United Kingdom",0,"2010-01-01 00:00:00",1,2,14,5584.7,3012.31,NULL
0,Newport,"United Kingdom",0,"2010-01-01 00:00:00",1,5,19,4014.2999999999997,2064.6,NULL
0,Niedersachsen,Germany,0,"2010-01-01 00:00:00",1,41,324,108110.55000000002,65337.25000000005,NULL
0,Noord-Brabant,Netherlands,0,"2010-01-01 00:00:00",1,24,177,46023.45000000001,27402.040000000005,NULL
0,Noord-Holland,Netherlands,0,"2010-01-01 00:00:00",1,31,190,35127.81,19057.770000000004,NULL
0,Nord-Pas-de-Calais,France,0,"2010-01-01 00:00:00",1,7,89,41927.72,25256.760000000002,NULL
0,Nordrhein-Westfalen,Germany,0,"2010-01-01 00:00:00",1,30,225,59729.729999999996,33162.39,NULL
0,Norfolk,"United Kingdom",0,"2010-01-01 00:00:00",1,16,155,41156.83,24650.619999999995,NULL
0,"North Ayrshire","United Kingdom",0,"2010-01-01 00:00:00",1,1,10,861.95,445.73,NULL
0,"North Carolina","United States",0,"2010-01-01 00:00:00",1,66,475,132795.85,79373.90000000007,NULL
0,"North Dakota","United States",0,"2010-01-01 00:00:00",1,15,92,18951.27,10223.46,NULL
0,"North Dorset","United Kingdom",0,"2010-01-01 00:00:00",1,1,14,4237,2440.79,NULL
0,"North Hertfordshire","United Kingdom",0,"2010-01-01 00:00:00",1,3,28,9228.4,5222.32,NULL
0,"North Kesteven","United Kingdom",0,"2010-01-01 00:00:00",1,4,33,4639.049999999998,2522.0500000000006,NULL
0,"North Lanarkshire","United Kingdom",0,"2010-01-01 00:00:00",1,2,11,3619.7499999999995,1924.5700000000004,NULL
0,"North Lincolnshire","United Kingdom",0,"2010-01-01 00:00:00",1,1,6,1392,751.86,NULL
0,"North Warwickshire","United Kingdom",0,"2010-01-01 00:00:00",1,2,17,3137.65,1694.7399999999998,NULL
0,"North Yorkshire","United Kingdom",0,"2010-01-01 00:00:00",1,8,50,29864.64,15998.37,NULL
0,"Northern Territory",Australia,0,"2010-01-01 00:00:00",1,2,22,9877.47,6255.41,NULL
0,Northumberland,"United Kingdom",0,"2010-01-01 00:00:00",1,11,81,12337.01,6772.240000000001,NULL
0,"Northwest Territories",Canada,0,"2010-01-01 00:00:00",1,3,33,7221.41,3817.88,NULL
0,Nottingham,"United Kingdom",0,"2010-01-01 00:00:00",1,1,8,1458.99,718.07,NULL
0,"Nova Scotia",Canada,0,"2010-01-01 00:00:00",1,12,89,18417.88,10203.74,NULL
0,Novara,Italy,0,"2010-01-01 00:00:00",1,1,15,823.78,413.71000000000004,NULL
0,Nunavut,Canada,0,"2010-01-01 00:00:00",1,1,1,115,62.12,NULL
0,Nuoro,Italy,0,"2010-01-01 00:00:00",1,3,28,2717.83,1680.16,NULL
0,Ohio,"United States",0,"2010-01-01 00:00:00",1,121,942,288410.9899999999,171090.59000000005,NULL
0,Oklahoma,"United States",0,"2010-01-01 00:00:00",1,39,291,70348.55000000002,40415.80999999999,NULL
0,Ontario,Canada,0,"2010-01-01 00:00:00",1,199,1523,439147.4699999999,256141.4800000004,NULL
0,Oregon,"United States",0,"2010-01-01 00:00:00",1,40,333,115549.08000000005,69644.96999999999,NULL
0,"Orkney Islands","United Kingdom",0,"2010-01-01 00:00:00",1,5,45,9045.399999999998,5704.5,NULL
0,Overijssel,Netherlands,0,"2010-01-01 00:00:00",1,21,151,43269.13000000001,24950.01,NULL
0,Oxford,"United Kingdom",0,"2010-01-01 00:00:00",1,2,22,835.66,448.2,NULL
0,Padova,Italy,0,"2010-01-01 00:00:00",1,2,6,2322.87,1238.0300000000002,NULL
0,Parma,Italy,0,"2010-01-01 00:00:00",1,1,5,1399.95,756.1500000000001,NULL
0,Pavia,Italy,0,"2010-01-01 00:00:00",1,7,51,19328.28,11141.300000000001,NULL
0,"Pays de la Loire",France,0,"2010-01-01 00:00:00",1,5,22,4231.75,2116.5499999999997,NULL
0,Pembrokeshire,"United Kingdom",0,"2010-01-01 00:00:00",1,6,54,15973.260000000002,9320.409999999998,NULL
0,Pennsylvania,"United States",0,"2010-01-01 00:00:00",1,146,1013,274499.12000000005,163268.9300000002,NULL
0,"Perth and Kinross","United Kingdom",0,"2010-01-01 00:00:00",1,11,94,17005.940000000002,9966.61,NULL
0,Perugia,Italy,0,"2010-01-01 00:00:00",1,4,22,5917.660000000001,3572.32,NULL
0,Pescara,Italy,0,"2010-01-01 00:00:00",1,2,7,5110,3114.5,NULL
0,Peterborough,"United Kingdom",0,"2010-01-01 00:00:00",1,2,13,2356.29,1504.3,NULL
0,Picardie,France,0,"2010-01-01 00:00:00",1,2,32,5840.490000000001,3259.4000000000005,NULL
0,Pisa,Italy,0,"2010-01-01 00:00:00",1,2,4,388.54,209.85999999999999,NULL
0,Pistoia,Italy,0,"2010-01-01 00:00:00",1,2,9,1841.34,1231.29,NULL
0,Plymouth,"United Kingdom",0,"2010-01-01 00:00:00",1,1,6,1142.54,692.22,NULL
0,Poitou-Charentes,France,0,"2010-01-01 00:00:00",1,1,1,259.99,173.85000000000002,NULL
0,Potenza,Italy,0,"2010-01-01 00:00:00",1,6,45,15677.91,8655.58,NULL
0,Powys,"United Kingdom",0,"2010-01-01 00:00:00",1,4,24,3669.93,2141.41,NULL
0,Prato,Italy,0,"2010-01-01 00:00:00",1,1,1,269.95,132.32,NULL
0,Preston,"United Kingdom",0,"2010-01-01 00:00:00",1,1,7,712.56,352.04999999999995,NULL
0,"Prince Edward Island",Canada,0,"2010-01-01 00:00:00",1,2,15,3771.6,1991.1999999999998,NULL
0,"Provence-Alpes-Côte d'Azur",France,0,"2010-01-01 00:00:00",1,10,65,13450.959999999997,7422.239999999999,NULL
0,Quebec,Canada,0,"2010-01-01 00:00:00",1,91,667,226525.93,134473.6600000001,NULL
0,Queensland,Australia,0,"2010-01-01 00:00:00",1,63,418,96606.97999999998,54818.19000000001,NULL
0,Ravenna,Italy,0,"2010-01-01 00:00:00",1,1,11,1311.8,756.5600000000001,NULL
0,"Reggio Calabria",Italy,0,"2010-01-01 00:00:00",1,2,11,1546.98,789.14,NULL
0,"Reigate and Banstead","United Kingdom",0,"2010-01-01 00:00:00",1,1,3,133.97,76.72999999999999,NULL
0,Rheinland-Pfalz,Germany,0,"2010-01-01 00:00:00",1,81,580,145889.49000000005,85345.98,NULL
0,"Rhode Island","United States",0,"2010-01-01 00:00:00",1,20,178,50107.259999999995,29856.759999999995,NULL
0,"Rhondda Cynon Taf","United Kingdom",0,"2010-01-01 00:00:00",1,1,9,1036.5,508.09999999999997,NULL
0,Rhône-Alpes,France,0,"2010-01-01 00:00:00",1,14,94,29883.62,17189.69,NULL
0,"Ribble Valley","United Kingdom",0,"2010-01-01 00:00:00",1,1,3,451,243.59,NULL
0,Rieti,Italy,0,"2010-01-01 00:00:00",1,4,20,16776.27,11105.439999999999,NULL
0,Rimini,Italy,0,"2010-01-01 00:00:00",1,1,9,2952,1594.44,NULL
0,Ripon,"United Kingdom",0,"2010-01-01 00:00:00",1,1,5,474.94,234.71,NULL
0,Roma,Italy,0,"2010-01-01 00:00:00",1,4,26,10181.15,6012.540000000001,NULL
0,Rother,"United Kingdom",0,"2010-01-01 00:00:00",1,2,12,6067.4,3247.2,NULL
0,Rotherham,"United Kingdom",0,"2010-01-01 00:00:00",1,2,10,2871.25,1440.6399999999999,NULL
0,Rovigo,Italy,0,"2010-01-01 00:00:00",1,2,29,5525.12,2743.61,NULL
0,Rugby,"United Kingdom",0,"2010-01-01 00:00:00",1,1,3,168,90.75,NULL
0,Rushcliffe,"United Kingdom",0,"2010-01-01 00:00:00",1,1,3,29.97,14.7,NULL
0,Rutland,"United Kingdom",0,"2010-01-01 00:00:00",1,2,23,5523.89,3364.5600000000004,NULL
0,Saarland,Germany,0,"2010-01-01 00:00:00",1,1,1,4.74,2.3200000000000003,NULL
0,Sachsen-Anhalt,Germany,0,"2010-01-01 00:00:00",1,14,129,50664.23,30568.67,NULL
0,Salerno,Italy,0,"2010-01-01 00:00:00",1,10,86,31236.17,18096.850000000002,NULL
0,Saskatchewan,Canada,0,"2010-01-01 00:00:00",1,25,217,60830.880000000005,37302.63,NULL
0,Sassari,Italy,0,"2010-01-01 00:00:00",1,3,17,2038.9,1090.03,NULL
0,Savona,Italy,0,"2010-01-01 00:00:00",1,3,18,6277.589999999999,3336.4,NULL
0,Schleswig-Holstein,Germany,0,"2010-01-01 00:00:00",1,35,338,117524.14000000004,72254.20000000001,NULL
0,"Scottish Borders","United Kingdom",0,"2010-01-01 00:00:00",1,8,45,26259.780000000002,16354.469999999996,NULL
0,Selby,"United Kingdom",0,"2010-01-01 00:00:00",1,1,8,10493.140000000001,6895.72,NULL
0,Sevenoaks,"United Kingdom",0,"2010-01-01 00:00:00",1,1,11,2191.5,1239.76,NULL
0,Sheffield,"United Kingdom",0,"2010-01-01 00:00:00",1,5,32,6745.429999999999,3531.65,NULL
0,Shetland,"United Kingdom",0,"2010-01-01 00:00:00",1,4,25,10714.619999999999,6775.020000000001,NULL
0,Shropshire,"United Kingdom",0,"2010-01-01 00:00:00",1,17,115,24668.87,14951.769999999999,NULL
0,Siracusa,Italy,0,"2010-01-01 00:00:00",1,2,13,3828.35,1906.08,NULL
0,Somerset,"United Kingdom",0,"2010-01-01 00:00:00",1,11,86,27477.050000000003,15948.809999999998,NULL
0,"South Australia",Australia,0,"2010-01-01 00:00:00",1,22,187,48721.900000000016,27772.47,NULL
0,"South Carolina","United States",0,"2010-01-01 00:00:00",1,30,260,62026.54,36757.13,NULL
0,"South Dakota","United States",0,"2010-01-01 00:00:00",1,7,59,11141.619999999999,6521.490000000001,NULL
0,"South Derbyshire","United Kingdom",0,"2010-01-01 00:00:00",1,2,27,6382.51,3263.47,NULL
0,"South Gloucestershire","United Kingdom",0,"2010-01-01 00:00:00",1,1,8,5078.6900000000005,3055.32,NULL
0,"South Hams","United Kingdom",0,"2010-01-01 00:00:00",1,4,23,5763.8,3499.34,NULL
0,"South Holland","United Kingdom",0,"2010-01-01 00:00:00",1,1,4,162.87,79.82,NULL
0,"South Kesteven","United Kingdom",0,"2010-01-01 00:00:00",1,3,31,7301.22,4272.129999999999,NULL
0,"South Lakeland","United Kingdom",0,"2010-01-01 00:00:00",1,2,19,10179.8,6383.460000000001,NULL
0,"South Lanarkshire","United Kingdom",0,"2010-01-01 00:00:00",1,2,23,6447.03,3473.1400000000003,NULL
0,"South Oxfordshire","United Kingdom",0,"2010-01-01 00:00:00",1,4,26,9427.17,4841.6900000000005,NULL
0,"South Somerset","United Kingdom",0,"2010-01-01 00:00:00",1,1,19,4149.91,2774.9399999999996,NULL
0,"South Staffordshire","United Kingdom",0,"2010-01-01 00:00:00",1,1,4,1509.74,815.48,NULL
0,"St Edmundsbury","United Kingdom",0,"2010-01-01 00:00:00",1,1,8,1754.93,932.9000000000001,NULL
0,Staffordshire,"United Kingdom",0,"2010-01-01 00:00:00",1,8,37,7177.33,4305.34,NULL
0,Stratford-on-Avon,"United Kingdom",0,"2010-01-01 00:00:00",1,4,32,9132.63,5509.410000000001,NULL
0,Stroud,"United Kingdom",0,"2010-01-01 00:00:00",1,8,55,18482.179999999993,11149.449999999999,NULL
0,Suffolk,"United Kingdom",0,"2010-01-01 00:00:00",1,4,59,19399.55,11510.849999999999,NULL
0,"Suffolk Coastal","United Kingdom",0,"2010-01-01 00:00:00",1,3,30,5508.68,3043.5,NULL
0,Sussex,"United Kingdom",0,"2010-01-01 00:00:00",1,1,8,4477.9,2915.74,NULL
0,Swale,"United Kingdom",0,"2010-01-01 00:00:00",1,3,18,1985.63,1079.43,NULL
0,Swansea,"United Kingdom",0,"2010-01-01 00:00:00",1,1,19,4201.12,2275.0699999999997,NULL
0,Swindon,"United Kingdom",0,"2010-01-01 00:00:00",1,2,14,1850.04,1191.55,NULL
0,Tamworth,"United Kingdom",0,"2010-01-01 00:00:00",1,1,10,1754.65,914.6700000000001,NULL
0,Tandridge,"United Kingdom",0,"2010-01-01 00:00:00",1,3,11,2271.0799999999995,1314.0500000000002,NULL
0,Taranto,Italy,0,"2010-01-01 00:00:00",1,1,2,319.98,172.84000000000003,NULL
0,Tasmania,Australia,0,"2010-01-01 00:00:00",1,11,59,14353.61,8715.419999999998,NULL
0,Teignbridge,"United Kingdom",0,"2010-01-01 00:00:00",1,2,28,10794.35,5820.64,NULL
0,"Telford and Wrekin","United Kingdom",0,"2010-01-01 00:00:00",1,1,8,320.72,203.28,NULL
0,Tennessee,"United States",0,"2010-01-01 00:00:00",1,56,430,102860.53000000003,58658.91999999996,NULL
0,Teramo,Italy,0,"2010-01-01 00:00:00",1,4,30,11313.58,6726.849999999999,NULL
0,"Test Valley","United Kingdom",0,"2010-01-01 00:00:00",1,3,24,4187.37,2064.89,NULL
0,Tewkesbury,"United Kingdom",0,"2010-01-01 00:00:00",1,4,34,6451.56,3945.7499999999995,NULL
0,Texas,"United States",0,"2010-01-01 00:00:00",1,226,1565,450766.83999999973,264339.7800000002,NULL
0,Torino,Italy,0,"2010-01-01 00:00:00",1,6,30,7858.3499999999985,4220.17,NULL
0,Trento,Italy,0,"2010-01-01 00:00:00",1,6,68,24495.450000000004,14473.850000000002,NULL
0,"Tunbridge Wells","United Kingdom",0,"2010-01-01 00:00:00",1,1,7,3913,2113.58,NULL
0,Udine,Italy,0,"2010-01-01 00:00:00",1,1,10,151.48000000000002,76.16999999999999,NULL
0,Utah,"United States",0,"2010-01-01 00:00:00",1,19,133,35819.030000000006,21505.47,NULL
0,Utrecht,Netherlands,0,"2010-01-01 00:00:00",1,20,95,35748.950000000004,21489.92,NULL
0,Uttlesford,"United Kingdom",0,"2010-01-01 00:00:00",1,1,2,340.99,170.14000000000001,NULL
0,"Vale of White Horse","United Kingdom",0,"2010-01-01 00:00:00",1,2,10,1238.18,658.71,NULL
0,Varese,Italy,0,"2010-01-01 00:00:00",1,5,28,16051.929999999998,10209.669999999998,NULL
0,Venezia,Italy,0,"2010-01-01 00:00:00",1,1,23,5709.97,3058.15,NULL
0,Vercelli,Italy,0,"2010-01-01 00:00:00",1,1,2,51.38,25.180000000000003,NULL
0,Vermont,"United States",0,"2010-01-01 00:00:00",1,10,81,23549.769999999997,13916.130000000003,NULL
0,Verona,Italy,0,"2010-01-01 00:00:00",1,1,8,1376,799.52,NULL
0,Vicenza,Italy,0,"2010-01-01 00:00:00",1,4,21,19046.7,12407.99,NULL
0,Victoria,Australia,0,"2010-01-01 00:00:00",1,54,412,95962.56999999998,56592.25,NULL
0,Virginia,"United States",0,"2010-01-01 00:00:00",1,78,557,153413.51999999993,89758.90000000005,NULL
0,Viterbo,Italy,0,"2010-01-01 00:00:00",1,2,21,6601.63,4257.389999999999,NULL
0,Warrington,"United Kingdom",0,"2010-01-01 00:00:00",1,1,4,1642.78,811.02,NULL
0,Warwick,"United Kingdom",0,"2010-01-01 00:00:00",1,4,38,9603.849999999999,6067.24,NULL
0,Washington,"United States",0,"2010-01-01 00:00:00",1,64,487,107972.16999999998,62518.11000000001,NULL
0,"Washington DC","United States",0,"2010-01-01 00:00:00",1,9,47,12288.83,6701.9400000000005,NULL
0,Waverley,"United Kingdom",0,"2010-01-01 00:00:00",1,1,8,2653.68,1764.45,NULL
0,Wealden,"United Kingdom",0,"2010-01-01 00:00:00",1,4,17,5006.68,2991.3,NULL
0,"Welwyn Hatfield","United Kingdom",0,"2010-01-01 00:00:00",1,1,5,289.40000000000003,156.30000000000004,NULL
0,"West Dorset","United Kingdom",0,"2010-01-01 00:00:00",1,7,33,24968.930000000004,16124.950000000003,NULL
0,"West Dunbartonshire","United Kingdom",0,"2010-01-01 00:00:00",1,2,15,2774.92,1377.76,NULL
0,"West Lancashire","United Kingdom",0,"2010-01-01 00:00:00",1,2,4,124.92,66.74,NULL
0,"West Lindsey","United Kingdom",0,"2010-01-01 00:00:00",1,2,12,2664.93,1576.44,NULL
0,"West Lothian","United Kingdom",0,"2010-01-01 00:00:00",1,1,4,999.9,540.0799999999999,NULL
0,"West Norfolk","United Kingdom",0,"2010-01-01 00:00:00",1,3,10,1950.44,1202.6100000000001,NULL
0,"West Oxfordshire","United Kingdom",0,"2010-01-01 00:00:00",1,1,12,2568.19,1602.6000000000001,NULL
0,"West Virginia","United States",0,"2010-01-01 00:00:00",1,12,90,23375.06,13347.39,NULL
0,"Western Australia",Australia,0,"2010-01-01 00:00:00",1,30,250,95889.83999999998,54671.180000000015,NULL
0,Westminster,"United Kingdom",0,"2010-01-01 00:00:00",1,1,8,10998.33,7172.469999999999,NULL
0,Wigtownshire,"United Kingdom",0,"2010-01-01 00:00:00",1,2,22,11540.73,7405.0999999999985,NULL
0,Wiltshire,"United Kingdom",0,"2010-01-01 00:00:00",1,5,16,1854.8500000000001,1028.42,NULL
0,Winchester,"United Kingdom",0,"2010-01-01 00:00:00",1,1,9,1395.92,879.6700000000001,NULL
0,Wirral,"United Kingdom",0,"2010-01-01 00:00:00",1,1,9,799.8499999999999,427.05,NULL
0,Wisconsin,"United States",0,"2010-01-01 00:00:00",1,66,538,129278.62999999993,75579.61000000002,NULL
0,Wolverhampton,"United Kingdom",0,"2010-01-01 00:00:00",1,1,3,411.78,273.57,NULL
0,Worcester,"United Kingdom",0,"2010-01-01 00:00:00",1,4,21,2865.0299999999997,1704.87,NULL
0,Wycombe,"United Kingdom",0,"2010-01-01 00:00:00",1,3,22,5097.549999999999,2901.5300000000007,NULL
0,Wyoming,"United States",0,"2010-01-01 00:00:00",1,12,119,48307.88,28728.730000000003,NULL
0,"Wyre Forest","United Kingdom",0,"2010-01-01 00:00:00",1,2,20,5807.82,3472.49,NULL
0,York,"United Kingdom",0,"2010-01-01 00:00:00",1,4,20,2114.5499999999997,1324.0500000000002,NULL
0,Yukon,Canada,0,"2010-01-01 00:00:00",1,3,19,3967.42,2514.71,NULL
0,Zeeland,Netherlands,0,"2010-01-01 00:00:00",1,5,38,7901.92,4618.55,NULL
0,Zuid-Holland,Netherlands,0,"2010-01-01 00:00:00",1,34,253,76047.05999999997,43967.28000000001,NULL
1,"Australian Capital Territory",Australia,595,"2008-01-01 00:00:00",0,1,12,4562.95,2444.6099999999997,7.67
1,"New South Wales",Australia,595,"2008-01-01 00:00:00",0,69,494,135516.83000000002,77292.79999999997,227.76
1,"Northern Territory",Australia,595,"2008-01-01 00:00:00",0,2,21,7273.66,4500.17,12.22
1,Queensland,Australia,595,"2008-01-01 00:00:00",0,39,344,95676.49,57118.06000000001,160.8
2,"New South Wales",Australia,665,"2008-01-12 00:00:00",0,2,18,3846.85,2304.4300000000003,5.78
2,Queensland,Australia,665,"2008-01-12 00:00:00",0,2,43,11329.14,7208.1799999999985,17.04
4,"New South Wales",Australia,2000,"2010-01-01 00:00:00",0,69,539,221574.83000000013,137311.21999999994,110.79
4,"Northern Territory",Australia,2000,"2010-01-01 00:00:00",0,1,6,1267.98,742.33,0.63
4,Queensland,Australia,2000,"2010-01-01 00:00:00",0,54,405,114732.32000000004,66839.06000000004,57.37
4,Tasmania,Australia,2000,"2010-01-01 00:00:00",0,50,336,104899.89000000004,61479.04000000001,52.45
5,"New South Wales",Australia,2000,"2015-12-09 00:00:00",0,67,511,150877.09000000008,88491.00000000001,75.44
5,"Northern Territory",Australia,2000,"2015-12-09 00:00:00",0,4,25,16237.1,10411.539999999999,8.12
5,Queensland,Australia,2000,"2015-12-09 00:00:00",0,48,341,77496.06,46252.85999999999,38.75
5,Victoria,Australia,2000,"2015-12-09 00:00:00",0,252,2067,615067.9399999995,364802.08999999997,307.53
6,"New South Wales",Australia,2000,"2010-01-01 00:00:00",0,72,628,162111.09,94969.83000000007,81.06
6,Queensland,Australia,2000,"2010-01-01 00:00:00",0,58,463,135117.41999999998,80268.45000000001,67.56
6,"Western Australia",Australia,2000,"2010-01-01 00:00:00",0,111,832,241553.43000000005,141194.2,120.78
8,Alberta,Canada,2105,"2014-07-02 00:00:00",0,83,542,161565.34000000008,96128.94,76.75
8,"British Columbia",Canada,2105,"2014-07-02 00:00:00",0,104,744,245524.95000000004,145107.37000000005,116.64
8,Manitoba,Canada,2105,"2014-07-02 00:00:00",0,3,37,6302.010000000001,3487.95,2.99
8,"Newfoundland and Labrador",Canada,2105,"2014-07-02 00:00:00",0,2,22,11374.73,7525.7699999999995,5.4
8,"Nova Scotia",Canada,2105,"2014-07-02 00:00:00",0,9,63,19457.9,11535.759999999998,9.24
8,Ontario,Canada,2105,"2014-07-02 00:00:00",0,246,1819,531842.4099999998,311967.8100000001,252.66
8,"Prince Edward Island",Canada,2105,"2014-07-02 00:00:00",0,6,34,12802.439999999999,7278.250000000001,6.08
8,Quebec,Canada,2105,"2014-07-02 00:00:00",0,95,687,186296.5800000001,106363.16999999998,88.5
8,Saskatchewan,Canada,2105,"2014-07-02 00:00:00",0,33,230,54648.66000000001,32383.96,25.96
8,Yukon,Canada,2105,"2014-07-02 00:00:00",0,2,10,2410.91,1302.23,1.15
9,Alberta,Canada,1500,"2005-03-04 00:00:00",0,103,756,210074.07000000004,121330.00000000001,140.05
9,"British Columbia",Canada,1500,"2005-03-04 00:00:00",0,120,853,233756.83000000002,136880.7,155.84
9,Manitoba,Canada,1500,"2005-03-04 00:00:00",0,5,37,6598.969999999999,3862.5599999999995,4.4
9,"Northwest Territories",Canada,1500,"2005-03-04 00:00:00",0,10,100,18708.040000000005,10767.53,12.47
9,"Nova Scotia",Canada,1500,"2005-03-04 00:00:00",0,4,21,1974.33,1193.9099999999999,1.32
9,Ontario,Canada,1500,"2005-03-04 00:00:00",0,258,1973,581916.4899999988,338885.5400000002,387.94
9,"Prince Edward Island",Canada,1500,"2005-03-04 00:00:00",0,3,15,7142.75,4599.6,4.76
9,Quebec,Canada,1500,"2005-03-04 00:00:00",0,123,925,229433.08999999997,130673.21999999993,152.96
9,Saskatchewan,Canada,1500,"2005-03-04 00:00:00",0,31,212,46087.48999999999,26258.229999999996,30.72
9,Yukon,Canada,1500,"2005-03-04 00:00:00",0,1,2,458,306.26,0.31
10,Alberta,Canada,1210,"2015-04-04 00:00:00",0,80,512,132806.29000000004,75980.29000000002,109.76
10,"British Columbia",Canada,1210,"2015-04-04 00:00:00",0,94,732,243794.44000000003,146824.96000000017,201.48
10,Manitoba,Canada,1210,"2015-04-04 00:00:00",0,10,97,31617.1,17747.39,26.13
10,"Nova Scotia",Canada,1210,"2015-04-04 00:00:00",0,5,23,3012.1200000000003,1688.1699999999998,2.49
10,Nunavut,Canada,1210,"2015-04-04 00:00:00",0,6,39,7242.759999999998,4560.19,5.99
10,Ontario,Canada,1210,"2015-04-04 00:00:00",0,231,1674,428621.0699999996,249076.2000000001,354.23
10,"Prince Edward Island",Canada,1210,"2015-04-04 00:00:00",0,7,67,11272.779999999999,6589.7699999999995,9.32
10,Quebec,Canada,1210,"2015-04-04 00:00:00",0,70,560,134374.50000000006,74483.97,111.05
10,Saskatchewan,Canada,1210,"2015-04-04 00:00:00",0,24,202,49604.740000000005,28894.539999999997,41
10,Yukon,Canada,1210,"2015-04-04 00:00:00",0,1,3,840,453.72,0.69
12,Alsace,France,350,"2012-06-06 00:00:00",0,1,1,499.9,245.03999999999996,1.43
12,Aquitaine,France,350,"2012-06-06 00:00:00",0,4,58,11621.09,6483.060000000001,33.2
12,Auvergne,France,350,"2012-06-06 00:00:00",0,2,17,3446.3699999999994,2057.02,9.85
12,Basse-Normandie,France,350,"2012-06-06 00:00:00",0,2,8,5472.400000000001,3612.93,15.64
12,Bourgogne,France,350,"2012-06-06 00:00:00",0,1,13,2655.63,1566.2800000000002,7.59
12,Bretagne,France,350,"2012-06-06 00:00:00",0,2,24,2060.14,1287.4700000000003,5.89
12,Centre,France,350,"2012-06-06 00:00:00",0,3,15,3034.64,1750.82,8.67
12,Guadeloupe,France,350,"2012-06-06 00:00:00",0,1,7,1509.65,815.42,4.31
12,Haute-Normandie,France,350,"2012-06-06 00:00:00",0,1,24,11891.43,7663.3099999999995,33.98
12,Île-de-France,France,350,"2012-06-06 00:00:00",0,34,281,61073.680000000015,34115.98,174.5
12,Languedoc-Roussillon,France,350,"2012-06-06 00:00:00",0,4,22,11174.99,7112.97,31.93
12,Lorraine,France,350,"2012-06-06 00:00:00",0,2,19,634.37,392.8,1.81
12,Midi-Pyrénées,France,350,"2012-06-06 00:00:00",0,7,28,9536.779999999999,5655.44,27.25
12,Nord-Pas-de-Calais,France,350,"2012-06-06 00:00:00",0,8,93,22728.37,13128.66,64.94
12,"Pays de la Loire",France,350,"2012-06-06 00:00:00",0,2,12,3601.9300000000003,2165.67,10.29
12,Picardie,France,350,"2012-06-06 00:00:00",0,1,3,98.97,53.46,0.28
12,Poitou-Charentes,France,350,"2012-06-06 00:00:00",0,2,22,2324.2,1148.0499999999997,6.64
12,"Provence-Alpes-Côte d'Azur",France,350,"2012-06-06 00:00:00",0,4,36,5620.18,2972.3999999999996,16.06
12,Rhône-Alpes,France,350,"2012-06-06 00:00:00",0,9,65,24106.32,14857.75,68.88
13,Alsace,France,245,"2013-06-07 00:00:00",0,3,14,3807.92,2210.27,15.54
13,Aquitaine,France,245,"2013-06-07 00:00:00",0,4,18,5587.490000000001,3159.16,22.81
13,Auvergne,France,245,"2013-06-07 00:00:00",0,3,7,698.62,343.8,2.85
13,Bourgogne,France,245,"2013-06-07 00:00:00",0,3,16,1730.43,961.0899999999999,7.06
13,Bretagne,France,245,"2013-06-07 00:00:00",0,2,11,3556.37,2367.75,14.52
13,Corse,France,245,"2013-06-07 00:00:00",0,4,40,8748.39,5630.01,35.71
13,Haute-Normandie,France,245,"2013-06-07 00:00:00",0,1,19,6953.99,4005.93,28.38
13,Île-de-France,France,245,"2013-06-07 00:00:00",0,25,204,47800.60999999998,27185.869999999995,195.1
13,Languedoc-Roussillon,France,245,"2013-06-07 00:00:00",0,1,2,319.98,172.84000000000003,1.31
13,Lorraine,France,245,"2013-06-07 00:00:00",0,1,5,14499.949999999999,9695.849999999999,59.18
13,Midi-Pyrénées,France,245,"2013-06-07 00:00:00",0,1,1,877.5,473.97,3.58
13,Nord-Pas-de-Calais,France,245,"2013-06-07 00:00:00",0,2,37,7553.44,4553.170000000001,30.83
13,"Pays de la Loire",France,245,"2013-06-07 00:00:00",0,4,31,5606.54,3169.7499999999995,22.88
13,Picardie,France,245,"2013-06-07 00:00:00",0,2,24,5434.96,2870.63,22.18
13,Poitou-Charentes,France,245,"2013-06-07 00:00:00",0,2,6,747.96,426.76000000000005,3.05
13,"Provence-Alpes-Côte d'Azur",France,245,"2013-06-07 00:00:00",0,11,79,18486.9,11145.089999999997,75.46
13,Rhône-Alpes,France,245,"2013-06-07 00:00:00",0,11,78,18514.07,10585.710000000001,75.57
14,Alsace,France,350,"2009-12-15 00:00:00",0,2,4,1177.47,636,3.36
14,Aquitaine,France,350,"2009-12-15 00:00:00",0,1,5,564.85,300.37,1.61
14,Bourgogne,France,350,"2009-12-15 00:00:00",0,1,1,139,75.08,0.4
14,Bretagne,France,350,"2009-12-15 00:00:00",0,1,16,3145.5,1636.27,8.99
14,Centre,France,350,"2009-12-15 00:00:00",0,1,11,1248.9,770.99,3.57
14,Champagne-Ardenne,France,350,"2009-12-15 00:00:00",0,2,14,2165.06,1237.2199999999998,6.19
14,Franche-Comté,France,350,"2009-12-15 00:00:00",0,3,10,3179.7400000000002,1828.84,9.08
14,Guadeloupe,France,350,"2009-12-15 00:00:00",0,2,5,376.06,198.07000000000002,1.07
14,Guyane,France,350,"2009-12-15 00:00:00",0,1,15,9905,6584.9,28.3
14,Haute-Normandie,France,350,"2009-12-15 00:00:00",0,1,11,2477.72,1229.98,7.08
14,Île-de-France,France,350,"2009-12-15 00:00:00",0,15,83,29566.559999999998,17998.45,84.48
14,Languedoc-Roussillon,France,350,"2009-12-15 00:00:00",0,4,45,14358.34,9118.830000000002,41.02
14,Midi-Pyrénées,France,350,"2009-12-15 00:00:00",0,2,11,7159,4365.04,20.45
14,Nord-Pas-de-Calais,France,350,"2009-12-15 00:00:00",0,1,7,88.62,47.88,0.25
14,"Pays de la Loire",France,350,"2009-12-15 00:00:00",0,2,4,2551.95,1378.3899999999999,7.29
14,Picardie,France,350,"2009-12-15 00:00:00",0,2,11,4150.5,2248.4500000000003,11.86
14,Poitou-Charentes,France,350,"2009-12-15 00:00:00",0,1,2,86,42.16,0.25
14,"Provence-Alpes-Côte d'Azur",France,350,"2009-12-15 00:00:00",0,10,74,16761.859999999997,9944.789999999999,47.89
14,Rhône-Alpes,France,350,"2009-12-15 00:00:00",0,5,32,6611.92,3949.840000000001,18.89
15,Alsace,France,400,"2015-01-01 00:00:00",0,2,8,1768.98,954.7100000000002,4.42
15,Aquitaine,France,400,"2015-01-01 00:00:00",0,2,9,2172.9,1067.17,5.43
15,Auvergne,France,400,"2015-01-01 00:00:00",0,1,6,107.94,58.32,0.27
15,Bourgogne,France,400,"2015-01-01 00:00:00",0,1,7,175.26,91.67,0.44
15,Centre,France,400,"2015-01-01 00:00:00",0,3,18,7112.26,4630.99,17.78
15,Champagne-Ardenne,France,400,"2015-01-01 00:00:00",0,1,21,9518.95,5138.639999999999,23.8
15,Guadeloupe,France,400,"2015-01-01 00:00:00",0,3,18,12326.81,7943.36,30.82
15,Haute-Normandie,France,400,"2015-01-01 00:00:00",0,1,1,310,167.44,0.78
15,Île-de-France,France,400,"2015-01-01 00:00:00",0,32,230,65193.95999999998,37672.81999999999,162.98
15,Languedoc-Roussillon,France,400,"2015-01-01 00:00:00",0,4,23,8944.26,5602.14,22.36
15,Lorraine,France,400,"2015-01-01 00:00:00",0,4,36,9868.61,5511.81,24.67
15,Midi-Pyrénées,France,400,"2015-01-01 00:00:00",0,4,56,14698.169999999998,8431.6,36.75
15,Nord-Pas-de-Calais,France,400,"2015-01-01 00:00:00",0,14,125,36557.83,21047.429999999997,91.39
15,"Pays de la Loire",France,400,"2015-01-01 00:00:00",0,3,25,9345.46,5031.02,23.36
15,Picardie,France,400,"2015-01-01 00:00:00",0,2,19,2905.97,1603.1299999999997,7.26
15,Poitou-Charentes,France,400,"2015-01-01 00:00:00",0,1,10,2595.06,1642.1299999999999,6.49
15,"Provence-Alpes-Côte d'Azur",France,400,"2015-01-01 00:00:00",0,11,79,15422.739999999998,8158.040000000001,38.56
15,Rhône-Alpes,France,400,"2015-01-01 00:00:00",0,4,24,6094.51,3345.27,15.24
16,Alsace,France,385,"2010-06-03 00:00:00",0,3,21,2245.1800000000003,1195.7300000000002,5.83
16,Aquitaine,France,385,"2010-06-03 00:00:00",0,2,13,1497.74,761.81,3.89
16,Bourgogne,France,385,"2010-06-03 00:00:00",0,1,3,12.18,5.970000000000001,0.03
16,Centre,France,385,"2010-06-03 00:00:00",0,1,1,655,353.79,1.7
16,Champagne-Ardenne,France,385,"2010-06-03 00:00:00",0,2,15,4890.93,3270.4700000000003,12.7
16,Guadeloupe,France,385,"2010-06-03 00:00:00",0,1,4,1935.69,1115.8899999999999,5.03
16,Guyane,France,385,"2010-06-03 00:00:00",0,4,33,8515.09,5484.130000000001,22.12
16,Haute-Normandie,France,385,"2010-06-03 00:00:00",0,2,17,4686.99,2566.26,12.17
16,Île-de-France,France,385,"2010-06-03 00:00:00",0,31,262,105348.79,64868.59,273.63
16,Languedoc-Roussillon,France,385,"2010-06-03 00:00:00",0,1,7,779.66,519.06,2.03
16,Limousin,France,385,"2010-06-03 00:00:00",0,10,83,26987.239999999998,15876.969999999998,70.1
16,Lorraine,France,385,"2010-06-03 00:00:00",0,3,15,3095.76,1667.3799999999999,8.04
16,Midi-Pyrénées,France,385,"2010-06-03 00:00:00",0,2,34,2137.7200000000003,1113.7900000000002,5.55
16,Nord-Pas-de-Calais,France,385,"2010-06-03 00:00:00",0,6,20,4297.92,2192.85,11.16
16,"Pays de la Loire",France,385,"2010-06-03 00:00:00",0,4,12,818.87,428.89,2.13
16,Picardie,France,385,"2010-06-03 00:00:00",0,3,27,4540.360000000001,2665.7200000000003,11.79
16,Poitou-Charentes,France,385,"2010-06-03 00:00:00",0,1,1,289,156.1,0.75
16,"Provence-Alpes-Côte d'Azur",France,385,"2010-06-03 00:00:00",0,7,65,11821.189999999999,6867.969999999999,30.7
16,Rhône-Alpes,France,385,"2010-06-03 00:00:00",0,7,50,14454.379999999997,8804.429999999998,37.54
17,Aquitaine,France,350,"2007-07-08 00:00:00",0,4,25,10506.98,6039.75,30.02
17,Bretagne,France,350,"2007-07-08 00:00:00",0,4,35,7677.05,4401.59,21.93
17,Centre,France,350,"2007-07-08 00:00:00",0,3,10,800.4000000000001,451.6,2.29
17,Champagne-Ardenne,France,350,"2007-07-08 00:00:00",0,1,10,2614,1701.88,7.47
17,Guyane,France,350,"2007-07-08 00:00:00",0,5,33,7143.96,4164.82,20.41
17,Île-de-France,France,350,"2007-07-08 00:00:00",0,28,193,44697.12000000002,25630.249999999993,127.71
17,Languedoc-Roussillon,France,350,"2007-07-08 00:00:00",0,2,8,8553.88,5671.620000000001,24.44
17,Lorraine,France,350,"2007-07-08 00:00:00",0,2,6,1240.77,707.47,3.55
17,Martinique,France,350,"2007-07-08 00:00:00",0,4,22,2621.429999999999,1410.05,7.49
17,Midi-Pyrénées,France,350,"2007-07-08 00:00:00",0,1,18,6352,3426.3199999999997,18.15
17,Nord-Pas-de-Calais,France,350,"2007-07-08 00:00:00",0,8,98,29005.550000000003,15997.349999999997,82.87
17,"Pays de la Loire",France,350,"2007-07-08 00:00:00",0,2,10,2741.4700000000003,1479.27,7.83
17,Picardie,France,350,"2007-07-08 00:00:00",0,1,8,1118.67,557.01,3.2
17,Poitou-Charentes,France,350,"2007-07-08 00:00:00",0,1,13,2030.92,1091.5,5.8
17,"Provence-Alpes-Côte d'Azur",France,350,"2007-07-08 00:00:00",0,8,93,26442.76,16522.63,75.55
17,Rhône-Alpes,France,350,"2007-07-08 00:00:00",0,5,44,6060.539999999999,3196.54,17.32
18,Alsace,France,310,"2012-08-08 00:00:00",0,2,41,15568.61,9049.08,50.22
18,Aquitaine,France,310,"2012-08-08 00:00:00",0,4,36,14476.14,9289.15,46.7
18,Bourgogne,France,310,"2012-08-08 00:00:00",0,1,9,6269,3622.41,20.22
18,Bretagne,France,310,"2012-08-08 00:00:00",0,1,8,1716.8899999999999,929.52,5.54
18,Champagne-Ardenne,France,310,"2012-08-08 00:00:00",0,2,10,1767.83,1051.0600000000002,5.7
18,Guadeloupe,France,310,"2012-08-08 00:00:00",0,1,6,1614.95,858.8199999999999,5.21
18,Guyane,France,310,"2012-08-08 00:00:00",0,2,6,2876.94,1639.56,9.28
18,Île-de-France,France,310,"2012-08-08 00:00:00",0,26,205,55838.549999999996,31292.76000000001,180.12
18,Languedoc-Roussillon,France,310,"2012-08-08 00:00:00",0,4,19,2750.96,1350.63,8.87
18,Lorraine,France,310,"2012-08-08 00:00:00",0,1,8,6242.99,4153.98,20.14
18,Mayotte,France,310,"2012-08-08 00:00:00",0,2,5,28.950000000000003,14.21,0.09
18,Midi-Pyrénées,France,310,"2012-08-08 00:00:00",0,4,61,29580.199999999997,19207.059999999998,95.42
18,Nord-Pas-de-Calais,France,310,"2012-08-08 00:00:00",0,4,38,18839.700000000004,12050.349999999999,60.77
18,"Pays de la Loire",France,310,"2012-08-08 00:00:00",0,2,13,1366.88,737.6200000000001,4.41
18,Picardie,France,310,"2012-08-08 00:00:00",0,1,3,6885,4603.860000000001,22.21
18,Poitou-Charentes,France,310,"2012-08-08 00:00:00",0,1,7,345.39,169.29999999999998,1.11
18,"Provence-Alpes-Côte d'Azur",France,310,"2012-08-08 00:00:00",0,10,86,35791.350000000006,20310.239999999998,115.46
18,Rhône-Alpes,France,310,"2012-08-08 00:00:00",0,13,46,24118.55,14748.18,77.8
19,Baden-Württemberg,Germany,1295,"2015-04-04 00:00:00",0,29,177,35108.18,19524.989999999998,27.11
19,Berlin,Germany,1295,"2015-04-04 00:00:00",0,41,287,88239.15999999999,54319.60999999999,68.14
19,Brandenburg,Germany,1295,"2015-04-04 00:00:00",0,4,52,16511.43,9309.18,12.75
19,"Freistaat Bayern",Germany,1295,"2015-04-04 00:00:00",0,73,568,154222.42000000004,90960.77000000008,119.09
19,"Freistaat Sachsen",Germany,1295,"2015-04-04 00:00:00",0,10,92,37493.66,22889.759999999995,28.95
19,Niedersachsen,Germany,1295,"2015-04-04 00:00:00",0,18,132,41527.12000000001,23277.629999999997,32.07
19,Nordrhein-Westfalen,Germany,1295,"2015-04-04 00:00:00",0,19,109,49672.72999999998,30395.650000000005,38.36
19,Rheinland-Pfalz,Germany,1295,"2015-04-04 00:00:00",0,43,324,88767.44000000002,51616.509999999995,68.55
19,Schleswig-Holstein,Germany,1295,"2015-04-04 00:00:00",0,28,232,65032.79,37266.78,50.22
20,Baden-Württemberg,Germany,1715,"2012-12-15 00:00:00",0,17,149,36997.37,21647.689999999995,21.57
20,Brandenburg,Germany,1715,"2012-12-15 00:00:00",0,29,232,56573.60999999999,33541.95999999999,32.99
20,"Freistaat Bayern",Germany,1715,"2012-12-15 00:00:00",0,49,367,117041.42,70597.88999999998,68.25
20,"Freistaat Sachsen",Germany,1715,"2012-12-15 00:00:00",0,9,49,8216.599999999999,4617.4,4.79
20,Niedersachsen,Germany,1715,"2012-12-15 00:00:00",0,18,130,54754.82000000001,33161.35,31.93
20,Nordrhein-Westfalen,Germany,1715,"2012-12-15 00:00:00",0,15,118,35296,20998.99,20.58
20,Rheinland-Pfalz,Germany,1715,"2012-12-15 00:00:00",0,29,213,51972.22,31789.96999999999,30.3
20,Schleswig-Holstein,Germany,1715,"2012-12-15 00:00:00",0,17,165,27742.030000000002,15173.870000000003,16.18
21,Baden-Württemberg,Germany,560,"2018-06-03 00:00:00",0,15,94,18782.579999999998,11005.890000000001,33.54
21,Brandenburg,Germany,560,"2018-06-03 00:00:00",0,1,3,82.97,43.56999999999999,0.15
21,"Freie Hansestadt Bremen",Germany,560,"2018-06-03 00:00:00",0,18,168,46413.63,27091.259999999995,82.88
21,"Freistaat Bayern",Germany,560,"2018-06-03 00:00:00",0,56,472,153704.44999999998,89251.75000000003,274.47
21,"Freistaat Sachsen",Germany,560,"2018-06-03 00:00:00",0,17,137,49869.34,30559.59,89.05
21,Niedersachsen,Germany,560,"2018-06-03 00:00:00",0,15,90,22640.55,12698.9,40.43
21,Nordrhein-Westfalen,Germany,560,"2018-06-03 00:00:00",0,20,140,47171.44999999999,28833.37,84.23
21,Rheinland-Pfalz,Germany,560,"2018-06-03 00:00:00",0,20,218,55067.98,30697.610000000004,98.34
21,Schleswig-Holstein,Germany,560,"2018-06-03 00:00:00",0,3,29,8541.17,4628.82,15.25
22,Baden-Württemberg,Germany,2000,"2008-03-06 00:00:00",0,29,189,53998.98000000001,30339.750000000007,27
22,"Freistaat Bayern",Germany,2000,"2008-03-06 00:00:00",0,72,493,129021.78,76722.25,64.51
22,"Freistaat Sachsen",Germany,2000,"2008-03-06 00:00:00",0,15,105,25077.339999999997,14757.710000000003,12.54
22,"Freistaat Thüringen",Germany,2000,"2008-03-06 00:00:00",0,93,707,206160.44000000015,121189.20999999995,103.08
22,Niedersachsen,Germany,2000,"2008-03-06 00:00:00",0,25,192,41628.899999999994,24747.910000000003,20.81
22,Nordrhein-Westfalen,Germany,2000,"2008-03-06 00:00:00",0,24,176,35807.38000000001,19755.75999999999,17.9
22,Rheinland-Pfalz,Germany,2000,"2008-03-06 00:00:00",0,58,404,119765.04000000001,70663.96999999997,59.88
22,Saarland,Germany,2000,"2008-03-06 00:00:00",0,2,31,6718.18,3880.2,3.36
22,Schleswig-Holstein,Germany,2000,"2008-03-06 00:00:00",0,16,112,34806.81999999999,20364.880000000012,17.4
23,Baden-Württemberg,Germany,1365,"2010-01-01 00:00:00",0,27,157,39982.78999999999,22212.89,29.29
23,Brandenburg,Germany,1365,"2010-01-01 00:00:00",0,3,23,5532.48,3378.0800000000004,4.05
23,"Freie Hansestadt Bremen",Germany,1365,"2010-01-01 00:00:00",0,1,1,186.9,100.95,0.14
23,"Freistaat Bayern",Germany,1365,"2010-01-01 00:00:00",0,87,701,199869.84000000008,116229.95000000004,146.42
23,"Freistaat Sachsen",Germany,1365,"2010-01-01 00:00:00",0,12,99,40600.36,24190.989999999998,29.74
23,Hamburg,Germany,1365,"2010-01-01 00:00:00",0,38,237,79370.15,47382.24999999999,58.15
23,Niedersachsen,Germany,1365,"2010-01-01 00:00:00",0,19,186,61572.030000000006,37691.60999999999,45.11
23,Nordrhein-Westfalen,Germany,1365,"2010-01-01 00:00:00",0,21,159,54843.02,32310.120000000003,40.18
23,Rheinland-Pfalz,Germany,1365,"2010-01-01 00:00:00",0,50,445,91974.47000000004,52103.01000000002,67.38
23,Schleswig-Holstein,Germany,1365,"2010-01-01 00:00:00",0,16,164,41108.55,23621.249999999996,30.12
24,Baden-Württemberg,Germany,1855,"2012-12-15 00:00:00",0,22,222,56611.689999999995,33769.82,30.52
24,Brandenburg,Germany,1855,"2012-12-15 00:00:00",0,2,18,5303.84,2921.12,2.86
24,"Freie Hansestadt Bremen",Germany,1855,"2012-12-15 00:00:00",0,3,21,4736.37,2744.79,2.55
24,"Freistaat Bayern",Germany,1855,"2012-12-15 00:00:00",0,97,705,178937.1600000001,103365.14000000007,96.46
24,"Freistaat Sachsen",Germany,1855,"2012-12-15 00:00:00",0,11,80,15520.13,8871.79,8.37
24,Hessen,Germany,1855,"2012-12-15 00:00:00",0,61,408,130467.47000000006,75445.46000000004,70.33
24,Niedersachsen,Germany,1855,"2012-12-15 00:00:00",0,24,233,70484.95,41998.27,38
24,Nordrhein-Westfalen,Germany,1855,"2012-12-15 00:00:00",0,23,135,57210.83999999999,34590.54,30.84
24,Rheinland-Pfalz,Germany,1855,"2012-12-15 00:00:00",0,41,320,102832.82999999999,61413.92000000002,55.44
24,Schleswig-Holstein,Germany,1855,"2012-12-15 00:00:00",0,11,115,51454.670000000006,30303.899999999998,27.74
26,Baden-Württemberg,Germany,350,"2019-03-05 00:00:00",0,13,129,31530.660000000003,19266.159999999993,90.09
26,Brandenburg,Germany,350,"2019-03-05 00:00:00",0,2,13,2885.9,1524.6100000000001,8.25
26,"Freistaat Bayern",Germany,350,"2019-03-05 00:00:00",0,35,314,94456.52,53220.90000000001,269.88
26,"Freistaat Sachsen",Germany,350,"2019-03-05 00:00:00",0,8,84,27662.85,15776.58,79.04
26,Niedersachsen,Germany,350,"2019-03-05 00:00:00",0,7,36,9783.329999999998,5614.3099999999995,27.95
26,Nordrhein-Westfalen,Germany,350,"2019-03-05 00:00:00",0,13,158,41539.24,25428.810000000005,118.68
26,Rheinland-Pfalz,Germany,350,"2019-03-05 00:00:00",0,15,122,29232.079999999998,17410.190000000002,83.52
26,Schleswig-Holstein,Germany,350,"2019-03-05 00:00:00",0,10,112,42683.98,26445.81,121.95
27,Baden-Württemberg,Germany,2000,"2008-08-08 00:00:00",0,28,238,73550.42000000001,44252.840000000004,36.78
27,Brandenburg,Germany,2000,"2008-08-08 00:00:00",0,3,32,4849.78,2958.4500000000003,2.42
27,"Freistaat Bayern",Germany,2000,"2008-08-08 00:00:00",0,68,650,218678.85000000006,133719.50999999998,109.34
27,"Freistaat Sachsen",Germany,2000,"2008-08-08 00:00:00",0,13,97,19074.719999999998,11277.97,9.54
27,Niedersachsen,Germany,2000,"2008-08-08 00:00:00",0,19,138,38031.459999999985,21517.26,19.02
27,Nordrhein-Westfalen,Germany,2000,"2008-08-08 00:00:00",0,26,182,81713.15000000002,48205.03999999999,40.86
27,Rheinland-Pfalz,Germany,2000,"2008-08-08 00:00:00",0,42,254,57639.030000000006,31434.149999999994,28.82
27,Saarland,Germany,2000,"2008-08-08 00:00:00",0,1,3,617.48,320.66,0.31
27,Sachsen-Anhalt,Germany,2000,"2008-08-08 00:00:00",0,63,552,124385.47000000004,72505.23000000001,62.19
27,Schleswig-Holstein,Germany,2000,"2008-08-08 00:00:00",0,20,181,38935.77999999999,22687.879999999997,19.47
28,Alessandria,Italy,1200,"2012-12-15 00:00:00",0,3,24,4668.8,2481.86,3.89
28,Bergamo,Italy,1200,"2012-12-15 00:00:00",0,2,25,2021.5300000000002,1098.88,1.68
28,Biella,Italy,1200,"2012-12-15 00:00:00",0,1,4,4699.69,2911.2599999999993,3.92
28,Bolzano,Italy,1200,"2012-12-15 00:00:00",0,3,10,1674.59,859.91,1.4
28,Brescia,Italy,1200,"2012-12-15 00:00:00",0,1,2,398,214.98,0.33
28,Cagliari,Italy,1200,"2012-12-15 00:00:00",0,1,1,368,246.07,0.31
28,Caserta,Italy,1200,"2012-12-15 00:00:00",0,1,8,2946.87,1534.96,2.46
28,Catania,Italy,1200,"2012-12-15 00:00:00",0,3,28,4510.09,2560.9799999999996,3.76
28,Chieti,Italy,1200,"2012-12-15 00:00:00",0,1,11,1213.95,655.73,1.01
28,Como,Italy,1200,"2012-12-15 00:00:00",0,1,8,2312,1248.8,1.93
28,Cremona,Italy,1200,"2012-12-15 00:00:00",0,1,8,3906.7200000000003,2110.16,3.26
28,Ferrara,Italy,1200,"2012-12-15 00:00:00",0,1,2,999.8,490.0799999999999,0.83
28,Firenze,Italy,1200,"2012-12-15 00:00:00",0,1,6,1907.98,1240.1399999999999,1.59
28,Genova,Italy,1200,"2012-12-15 00:00:00",0,2,19,4020.87,2436.7700000000004,3.35
28,Grosseto,Italy,1200,"2012-12-15 00:00:00",0,1,19,6067.370000000001,3373.5699999999997,5.06
28,L'Aquila,Italy,1200,"2012-12-15 00:00:00",0,1,4,738,398.64,0.62
28,"La Spezia",Italy,1200,"2012-12-15 00:00:00",0,2,23,3043.86,1665.75,2.54
28,Messina,Italy,1200,"2012-12-15 00:00:00",0,1,5,1377,792.24,1.15
28,Milano,Italy,1200,"2012-12-15 00:00:00",0,6,64,39586.600000000006,23829.15,32.99
28,Modena,Italy,1200,"2012-12-15 00:00:00",0,1,8,3855.96,2510.5599999999995,3.21
28,Napoli,Italy,1200,"2012-12-15 00:00:00",0,2,21,9929.630000000001,5415.1,8.27
28,Novara,Italy,1200,"2012-12-15 00:00:00",0,2,22,11748.369999999999,7673.06,9.79
28,Oristano,Italy,1200,"2012-12-15 00:00:00",0,1,6,154.14000000000001,75.54000000000002,0.13
28,Padova,Italy,1200,"2012-12-15 00:00:00",0,1,9,2124,1420.29,1.77
28,Palermo,Italy,1200,"2012-12-15 00:00:00",0,3,19,6575.8,3536.59,5.48
28,Pavia,Italy,1200,"2012-12-15 00:00:00",0,1,1,129,69.68,0.11
28,Perugia,Italy,1200,"2012-12-15 00:00:00",0,4,56,12054.359999999997,6742.52,10.05
28,Pescara,Italy,1200,"2012-12-15 00:00:00",0,2,9,1782,1076.67,1.48
28,Ragusa,Italy,1200,"2012-12-15 00:00:00",0,1,13,2270.49,1220.73,1.89
28,"Reggio Calabria",Italy,1200,"2012-12-15 00:00:00",0,3,9,1639.8600000000001,920.81,1.37
28,Rieti,Italy,1200,"2012-12-15 00:00:00",0,1,19,3439.67,1906.3600000000001,2.87
28,Roma,Italy,1200,"2012-12-15 00:00:00",0,5,51,9060.21,5126.95,7.55
28,Rovigo,Italy,1200,"2012-12-15 00:00:00",0,1,18,3235.96,1762.5700000000002,2.7
28,Salerno,Italy,1200,"2012-12-15 00:00:00",0,2,15,1479.41,779.63,1.23
28,Sondrio,Italy,1200,"2012-12-15 00:00:00",0,1,2,399.9,215.99999999999997,0.33
28,Torino,Italy,1200,"2012-12-15 00:00:00",0,3,7,2705.9700000000003,1587.62,2.25
28,Trapani,Italy,1200,"2012-12-15 00:00:00",0,4,21,7397.5,4099.13,6.16
28,Trento,Italy,1200,"2012-12-15 00:00:00",0,1,3,457.99,232.50000000000003,0.38
28,Treviso,Italy,1200,"2012-12-15 00:00:00",0,1,7,1376.08,735.5,1.15
28,Udine,Italy,1200,"2012-12-15 00:00:00",0,2,10,589.81,289.14,0.49
28,Varese,Italy,1200,"2012-12-15 00:00:00",0,1,21,4546.7300000000005,2361.8,3.79
28,Vercelli,Italy,1200,"2012-12-15 00:00:00",0,1,6,4593.98,3050.18,3.83
28,Verona,Italy,1200,"2012-12-15 00:00:00",0,3,21,3509.86,1983.19,2.92
28,"Vibo Valentia",Italy,1200,"2012-12-15 00:00:00",0,1,2,81.1,43.8,0.07
28,Vicenza,Italy,1200,"2012-12-15 00:00:00",0,1,13,5509.99,3122.62,4.59
29,Alessandria,Italy,1000,"2008-01-01 00:00:00",0,4,28,6973.089999999999,3748.99,6.97
29,Ancona,Italy,1000,"2008-01-01 00:00:00",0,1,6,1199.94,648.1200000000001,1.2
29,Aosta,Italy,1000,"2008-01-01 00:00:00",0,2,20,7308.4400000000005,4822.1500000000015,7.31
29,Arezzo,Italy,1000,"2008-01-01 00:00:00",0,5,28,2847.28,1597.65,2.85
29,"Ascoli Piceno",Italy,1000,"2008-01-01 00:00:00",0,3,35,8692.699999999999,4699.16,8.69
29,Asti,Italy,1000,"2008-01-01 00:00:00",0,7,40,12673.019999999999,6989.43,12.67
29,Avellino,Italy,1000,"2008-01-01 00:00:00",0,2,24,4035.76,2189.5,4.04
29,Bari,Italy,1000,"2008-01-01 00:00:00",0,1,8,2876.99,1549.4000000000003,2.88
29,Belluno,Italy,1000,"2008-01-01 00:00:00",0,4,13,750.4300000000001,380.09999999999997,0.75
29,Benevento,Italy,1000,"2008-01-01 00:00:00",0,3,35,3425.29,1824.78,3.43
29,Bergamo,Italy,1000,"2008-01-01 00:00:00",0,9,65,26222.53,15319.939999999999,26.22
29,Biella,Italy,1000,"2008-01-01 00:00:00",0,4,20,6443.75,4010.8199999999993,6.44
29,Bologna,Italy,1000,"2008-01-01 00:00:00",0,3,6,1021.99,643.9499999999999,1.02
29,Bolzano,Italy,1000,"2008-01-01 00:00:00",0,14,122,52806.68,32278.889999999992,52.81
29,Brescia,Italy,1000,"2008-01-01 00:00:00",0,8,65,32808.369999999995,20062.490000000005,32.81
29,Cagliari,Italy,1000,"2008-01-01 00:00:00",0,4,34,13536.85,8272.04,13.54
29,Campobasso,Italy,1000,"2008-01-01 00:00:00",0,3,19,4842.3099999999995,2478.15,4.84
29,Caserta,Italy,1000,"2008-01-01 00:00:00",0,12,150,34305.39,19776.990000000005,34.31
29,Catania,Italy,1000,"2008-01-01 00:00:00",0,4,17,3789.33,2021.4500000000003,3.79
29,Catanzaro,Italy,1000,"2008-01-01 00:00:00",0,1,18,11855.539999999999,7626.24,11.86
29,Chieti,Italy,1000,"2008-01-01 00:00:00",0,5,14,2485.9799999999996,1318.88,2.49
29,Como,Italy,1000,"2008-01-01 00:00:00",0,3,20,10258.62,5620.66,10.26
29,Cosenza,Italy,1000,"2008-01-01 00:00:00",0,3,14,1738.19,879.8100000000001,1.74
29,Cremona,Italy,1000,"2008-01-01 00:00:00",0,7,50,7549.630000000001,4188.0599999999995,7.55
29,Crotone,Italy,1000,"2008-01-01 00:00:00",0,1,9,1685.07,906.33,1.69
29,Cuneo,Italy,1000,"2008-01-01 00:00:00",0,6,28,6817.4400000000005,3738.45,6.82
29,Ferrara,Italy,1000,"2008-01-01 00:00:00",0,3,17,4023.68,2229.3999999999996,4.02
29,Firenze,Italy,1000,"2008-01-01 00:00:00",0,2,18,7784.139999999999,4204.46,7.78
29,Foggia,Italy,1000,"2008-01-01 00:00:00",0,3,37,11849.2,6870.759999999999,11.85
29,Genova,Italy,1000,"2008-01-01 00:00:00",0,3,13,1471.68,827.4000000000001,1.47
29,Gorizia,Italy,1000,"2008-01-01 00:00:00",0,2,15,2259,1265.98,2.26
29,Grosseto,Italy,1000,"2008-01-01 00:00:00",0,6,50,8849.87,4776.83,8.85
29,Imperia,Italy,1000,"2008-01-01 00:00:00",0,3,27,10115.99,5480.37,10.12
29,Isernia,Italy,1000,"2008-01-01 00:00:00",0,1,1,6.99,3.43,0.01
29,L'Aquila,Italy,1000,"2008-01-01 00:00:00",0,12,57,8082.5,4693.91,8.08
29,"La Spezia",Italy,1000,"2008-01-01 00:00:00",0,5,29,7008.41,4020.2200000000003,7.01
29,Latina,Italy,1000,"2008-01-01 00:00:00",0,3,44,15288.3,9477.35,15.29
29,Lecce,Italy,1000,"2008-01-01 00:00:00",0,7,40,10206.52,5949.53,10.21
29,Livorno,Italy,1000,"2008-01-01 00:00:00",0,4,18,3694.69,2182.78,3.69
29,Lucca,Italy,1000,"2008-01-01 00:00:00",0,5,55,11099.689999999999,6464.289999999999,11.1
29,Macerata,Italy,1000,"2008-01-01 00:00:00",0,6,35,8619.16,5291.289999999999,8.62
29,Mantova,Italy,1000,"2008-01-01 00:00:00",0,5,42,12393.23,6953.520000000001,12.39
29,Massa,Italy,1000,"2008-01-01 00:00:00",0,1,10,3209.95,1784.8600000000001,3.21
29,Messina,Italy,1000,"2008-01-01 00:00:00",0,8,50,16102.68,10375.78,16.1
29,Milano,Italy,1000,"2008-01-01 00:00:00",0,5,45,12063.029999999999,7428.61,12.06
29,Modena,Italy,1000,"2008-01-01 00:00:00",0,11,98,48083.04,29257.130000000005,48.08
29,Napoli,Italy,1000,"2008-01-01 00:00:00",0,8,42,19003.98,12213.78,19
29,Novara,Italy,1000,"2008-01-01 00:00:00",0,5,24,1054.09,562.13,1.05
29,Nuoro,Italy,1000,"2008-01-01 00:00:00",0,5,38,19633.4,11500.67,19.63
29,Oristano,Italy,1000,"2008-01-01 00:00:00",0,4,44,9479.84,5953.51,9.48
29,Padova,Italy,1000,"2008-01-01 00:00:00",0,6,56,8146.609999999999,4599.59,8.15
29,Palermo,Italy,1000,"2008-01-01 00:00:00",0,4,32,7662.369999999999,4088.3700000000003,7.66
29,Parma,Italy,1000,"2008-01-01 00:00:00",0,2,21,16763.97,11059.349999999999,16.76
29,Pavia,Italy,1000,"2008-01-01 00:00:00",0,4,28,11364.489999999998,6094.9299999999985,11.36
29,Perugia,Italy,1000,"2008-01-01 00:00:00",0,7,42,18417.550000000003,11543.669999999998,18.42
29,Pescara,Italy,1000,"2008-01-01 00:00:00",0,2,17,2101.83,1155.87,2.1
29,Piacenza,Italy,1000,"2008-01-01 00:00:00",0,2,18,6265.66,3783.78,6.27
29,Pisa,Italy,1000,"2008-01-01 00:00:00",0,3,24,5077.839999999999,3043.9100000000003,5.08
29,Pistoia,Italy,1000,"2008-01-01 00:00:00",0,3,9,1592.68,844.7399999999999,1.59
29,Pordenone,Italy,1000,"2008-01-01 00:00:00",0,3,7,2993,1934.7500000000002,2.99
29,Potenza,Italy,1000,"2008-01-01 00:00:00",0,5,42,10066.14,5556.5,10.07
29,Ravenna,Italy,1000,"2008-01-01 00:00:00",0,3,24,14981.33,9526.57,14.98
29,"Reggio Calabria",Italy,1000,"2008-01-01 00:00:00",0,4,18,1750.8300000000002,973.1700000000001,1.75
29,"Reggio Emilia",Italy,1000,"2008-01-01 00:00:00",0,5,38,10004.59,5542.4800000000005,10
29,Rieti,Italy,1000,"2008-01-01 00:00:00",0,6,43,4182.92,2240.5399999999995,4.18
29,Rimini,Italy,1000,"2008-01-01 00:00:00",0,1,14,14759.94,9869.660000000002,14.76
29,Roma,Italy,1000,"2008-01-01 00:00:00",0,8,58,11340.389999999998,6217.8099999999995,11.34
29,Rovigo,Italy,1000,"2008-01-01 00:00:00",0,7,63,14461.48,7712.74,14.46
29,Salerno,Italy,1000,"2008-01-01 00:00:00",0,14,112,34545.06,20522.38,34.55
29,Sassari,Italy,1000,"2008-01-01 00:00:00",0,2,12,1027.1100000000001,540.1099999999999,1.03
29,Savona,Italy,1000,"2008-01-01 00:00:00",0,2,25,3975.7300000000005,2252,3.98
29,Siena,Italy,1000,"2008-01-01 00:00:00",0,5,37,7103.85,4038.0999999999995,7.1
29,Siracusa,Italy,1000,"2008-01-01 00:00:00",0,1,2,738,361.74,0.74
29,Sondrio,Italy,1000,"2008-01-01 00:00:00",0,3,14,4498.74,2538.7000000000003,4.5
29,Taranto,Italy,1000,"2008-01-01 00:00:00",0,3,17,7076.78,3875.8900000000003,7.08
29,Teramo,Italy,1000,"2008-01-01 00:00:00",0,2,11,1739.87,860.4499999999998,1.74
29,Torino,Italy,1000,"2008-01-01 00:00:00",0,17,141,38694.72,23219.05,38.69
29,Trapani,Italy,1000,"2008-01-01 00:00:00",0,4,35,8153.889999999999,4795.77,8.15
29,Trento,Italy,1000,"2008-01-01 00:00:00",0,13,110,18571.16,10496.88,18.57
29,Treviso,Italy,1000,"2008-01-01 00:00:00",0,7,32,9363.529999999999,5478.96,9.36
29,Trieste,Italy,1000,"2008-01-01 00:00:00",0,1,12,4529.39,2701.77,4.53
29,Udine,Italy,1000,"2008-01-01 00:00:00",0,7,90,27579.079999999998,15274.73,27.58
29,Varese,Italy,1000,"2008-01-01 00:00:00",0,5,29,15736.06,10037.960000000001,15.74
29,Venezia,Italy,1000,"2008-01-01 00:00:00",0,4,43,13454.92,7851.26,13.45
29,Vercelli,Italy,1000,"2008-01-01 00:00:00",0,2,11,10926.91,7306.61,10.93
29,Verona,Italy,1000,"2008-01-01 00:00:00",0,2,17,2711.3,1464.48,2.71
29,"Vibo Valentia",Italy,1000,"2008-01-01 00:00:00",0,3,33,4864.3,2610.6,4.86
29,Vicenza,Italy,1000,"2008-01-01 00:00:00",0,8,64,14869.71,8233.449999999999,14.87
29,Viterbo,Italy,1000,"2008-01-01 00:00:00",0,1,6,1428.95,932.3199999999999,1.43
30,Agrigento,Italy,2100,"2008-01-12 00:00:00",0,2,37,10879.22,5582.17,5.18
30,Alessandria,Italy,2100,"2008-01-12 00:00:00",0,16,137,43747.35,25707.609999999993,20.83
30,Ancona,Italy,2100,"2008-01-12 00:00:00",0,3,32,4706.42,2528.44,2.24
30,Aosta,Italy,2100,"2008-01-12 00:00:00",0,3,33,6529.41,3629.9700000000007,3.11
30,Arezzo,Italy,2100,"2008-01-12 00:00:00",0,5,35,10934.6,6517.79,5.21
30,"Ascoli Piceno",Italy,2100,"2008-01-12 00:00:00",0,3,20,6750.26,3631.6,3.21
30,Asti,Italy,2100,"2008-01-12 00:00:00",0,3,4,1515.79,767.9799999999999,0.72
30,Avellino,Italy,2100,"2008-01-12 00:00:00",0,3,49,11054.24,6744.43,5.26
30,Bari,Italy,2100,"2008-01-12 00:00:00",0,4,23,9713.429999999998,5989.7300000000005,4.63
30,Belluno,Italy,2100,"2008-01-12 00:00:00",0,6,70,32009.69,19248.629999999997,15.24
30,Benevento,Italy,2100,"2008-01-12 00:00:00",0,2,16,1896.97,970.13,0.9
30,Bergamo,Italy,2100,"2008-01-12 00:00:00",0,7,51,22221.089999999997,13178.68,10.58
30,Biella,Italy,2100,"2008-01-12 00:00:00",0,3,18,3848.26,2138.79,1.83
30,Bologna,Italy,2100,"2008-01-12 00:00:00",0,7,56,11664.359999999999,6395.1799999999985,5.55
30,Bolzano,Italy,2100,"2008-01-12 00:00:00",0,9,43,15765.709999999997,9719.619999999997,7.51
30,Brescia,Italy,2100,"2008-01-12 00:00:00",0,11,73,20200.690000000002,11729.77,9.62
30,Brindisi,Italy,2100,"2008-01-12 00:00:00",0,2,18,8700,5512.23,4.14
30,Cagliari,Italy,2100,"2008-01-12 00:00:00",0,3,7,1430.97,769.06,0.68
30,Campobasso,Italy,2100,"2008-01-12 00:00:00",0,1,9,307.49,158.69,0.15
30,Caserta,Italy,2100,"2008-01-12 00:00:00",0,5,35,4900.36,2548.82,2.33
30,Catania,Italy,2100,"2008-01-12 00:00:00",0,4,21,4936.669999999999,2861.04,2.35
30,Catanzaro,Italy,2100,"2008-01-12 00:00:00",0,2,18,4293.96,2319.2999999999997,2.04
30,Chieti,Italy,2100,"2008-01-12 00:00:00",0,2,22,12685.739999999998,7979.199999999998,6.04
30,Como,Italy,2100,"2008-01-12 00:00:00",0,4,11,609.2299999999999,357.56,0.29
30,Cosenza,Italy,2100,"2008-01-12 00:00:00",0,5,20,5560.94,3068.24,2.65
30,Cremona,Italy,2100,"2008-01-12 00:00:00",0,4,40,15692.19,9272.51,7.47
30,Cuneo,Italy,2100,"2008-01-12 00:00:00",0,10,77,44807.06,28623.70999999999,21.34
30,Ferrara,Italy,2100,"2008-01-12 00:00:00",0,3,20,17262.850000000002,10741.71,8.22
30,Firenze,Italy,2100,"2008-01-12 00:00:00",0,6,55,25728.469999999998,15260.680000000002,12.25
30,Foggia,Italy,2100,"2008-01-12 00:00:00",0,1,4,223.84,115.41000000000001,0.11
30,Forli,Italy,2100,"2008-01-12 00:00:00",0,3,13,4633.7,2703.61,2.21
30,Genova,Italy,2100,"2008-01-12 00:00:00",0,4,32,10373.64,6165.25,4.94
30,Gorizia,Italy,2100,"2008-01-12 00:00:00",0,1,5,1025,537.31,0.49
30,Grosseto,Italy,2100,"2008-01-12 00:00:00",0,3,16,6476.49,3733.3500000000004,3.08
30,Imperia,Italy,2100,"2008-01-12 00:00:00",0,1,2,562,275.48,0.27
30,Isernia,Italy,2100,"2008-01-12 00:00:00",0,1,2,510,275.46000000000004,0.24
30,L'Aquila,Italy,2100,"2008-01-12 00:00:00",0,4,22,2889.4000000000005,1456.98,1.38
30,"La Spezia",Italy,2100,"2008-01-12 00:00:00",0,2,6,1267.27,681.7099999999999,0.6
30,Latina,Italy,2100,"2008-01-12 00:00:00",0,2,5,1118.96,604.3800000000001,0.53
30,Lecce,Italy,2100,"2008-01-12 00:00:00",0,1,2,213.53,108.17,0.1
30,Lecco,Italy,2100,"2008-01-12 00:00:00",0,1,6,4453.889999999999,2974.42,2.12
30,Lucca,Italy,2100,"2008-01-12 00:00:00",0,5,52,15653.669999999998,8235.47,7.45
30,Macerata,Italy,2100,"2008-01-12 00:00:00",0,2,20,6968.5,4302.75,3.32
30,Mantova,Italy,2100,"2008-01-12 00:00:00",0,4,45,14867.460000000001,9313.28,7.08
30,Massa,Italy,2100,"2008-01-12 00:00:00",0,2,14,11584,7585.759999999999,5.52
30,Matera,Italy,2100,"2008-01-12 00:00:00",0,1,7,1819.93,1216.95,0.87
30,Messina,Italy,2100,"2008-01-12 00:00:00",0,4,48,8871.23,5470.31,4.22
30,Milano,Italy,2100,"2008-01-12 00:00:00",0,6,38,10489.619999999999,5950.0999999999985,5
30,Modena,Italy,2100,"2008-01-12 00:00:00",0,6,66,17520.579999999998,9691.46,8.34
30,Napoli,Italy,2100,"2008-01-12 00:00:00",0,2,17,4773.34,2497.34,2.27
30,Novara,Italy,2100,"2008-01-12 00:00:00",0,5,53,12219.5,7136.53,5.82
30,Nuoro,Italy,2100,"2008-01-12 00:00:00",0,6,78,35859.13,22400.689999999995,17.08
30,Oristano,Italy,2100,"2008-01-12 00:00:00",0,3,22,6093.49,3266.4700000000003,2.9
30,Padova,Italy,2100,"2008-01-12 00:00:00",0,4,32,5979.0199999999995,3150.0299999999997,2.85
30,Palermo,Italy,2100,"2008-01-12 00:00:00",0,5,46,8298.560000000001,5036.11,3.95
30,Parma,Italy,2100,"2008-01-12 00:00:00",0,7,47,10505.689999999999,5567.309999999999,5
30,Pavia,Italy,2100,"2008-01-12 00:00:00",0,7,42,12474.989999999998,7294.879999999999,5.94
30,Perugia,Italy,2100,"2008-01-12 00:00:00",0,12,116,29056.65,16032.07,13.84
30,Pescara,Italy,2100,"2008-01-12 00:00:00",0,3,42,7203.36,4149.41,3.43
30,Pisa,Italy,2100,"2008-01-12 00:00:00",0,4,49,26736.840000000004,17428.94,12.73
30,Pordenone,Italy,2100,"2008-01-12 00:00:00",0,4,16,6563.09,4202.6,3.13
30,Potenza,Italy,2100,"2008-01-12 00:00:00",0,4,21,8588.880000000001,4276.360000000001,4.09
30,Ravenna,Italy,2100,"2008-01-12 00:00:00",0,2,19,2699.7,1558.92,1.29
30,"Reggio Calabria",Italy,2100,"2008-01-12 00:00:00",0,5,62,11455.47,6050.16,5.45
30,"Reggio Emilia",Italy,2100,"2008-01-12 00:00:00",0,2,43,18915,12015.86,9.01
30,Rieti,Italy,2100,"2008-01-12 00:00:00",0,5,26,4022.1299999999997,2295.59,1.92
30,Rimini,Italy,2100,"2008-01-12 00:00:00",0,1,8,1724.67,935.8900000000001,0.82
30,Roma,Italy,2100,"2008-01-12 00:00:00",0,11,106,24619.02,13834.3,11.72
30,Rovigo,Italy,2100,"2008-01-12 00:00:00",0,12,81,22599.85,12947.380000000003,10.76
30,Salerno,Italy,2100,"2008-01-12 00:00:00",0,13,97,33384.07000000001,19400.890000000003,15.9
30,Sassari,Italy,2100,"2008-01-12 00:00:00",0,1,8,2560,1300.8,1.22
30,Savona,Italy,2100,"2008-01-12 00:00:00",0,3,28,7673.38,4532.29,3.65
30,Siena,Italy,2100,"2008-01-12 00:00:00",0,2,9,1048.7900000000002,658.7199999999999,0.5
30,Siracusa,Italy,2100,"2008-01-12 00:00:00",0,1,18,1755.82,862.47,0.84
30,Sondrio,Italy,2100,"2008-01-12 00:00:00",0,4,52,14742.470000000001,8498.33,7.02
30,Taranto,Italy,2100,"2008-01-12 00:00:00",0,2,16,2905.42,1569.3200000000002,1.38
30,Teramo,Italy,2100,"2008-01-12 00:00:00",0,4,48,10082.369999999997,5438.67,4.8
30,Termi,Italy,2100,"2008-01-12 00:00:00",0,1,21,5171.58,2982.08,2.46
30,Torino,Italy,2100,"2008-01-12 00:00:00",0,16,118,27189.06,16132.689999999999,12.95
30,Trento,Italy,2100,"2008-01-12 00:00:00",0,11,79,20979.579999999998,12193.25,9.99
30,Treviso,Italy,2100,"2008-01-12 00:00:00",0,6,41,8759.34,5054.38,4.17
30,Udine,Italy,2100,"2008-01-12 00:00:00",0,4,28,6727.29,3340.3000000000006,3.2
30,Varese,Italy,2100,"2008-01-12 00:00:00",0,5,64,6942.860000000001,4013.7200000000007,3.31
30,Venezia,Italy,2100,"2008-01-12 00:00:00",0,4,26,9729.4,5360.860000000001,4.63
30,Vercelli,Italy,2100,"2008-01-12 00:00:00",0,2,14,2620.0699999999997,1606.8000000000002,1.25
30,Verona,Italy,2100,"2008-01-12 00:00:00",0,5,49,11577.869999999999,6782.8499999999985,5.51
30,Vicenza,Italy,2100,"2008-01-12 00:00:00",0,8,67,37641.28,22735.980000000003,17.92
30,Viterbo,Italy,2100,"2008-01-12 00:00:00",0,3,18,4365.81,2551.2599999999998,2.08
31,Drenthe,Netherlands,1085,"2012-01-07 00:00:00",0,25,184,35485.909999999996,20435.250000000004,32.71
31,Gelderland,Netherlands,1085,"2012-01-07 00:00:00",0,17,119,40242.52,24076.49,37.09
31,Limburg,Netherlands,1085,"2012-01-07 00:00:00",0,14,98,20433.01,11813.980000000001,18.83
31,Noord-Brabant,Netherlands,1085,"2012-01-07 00:00:00",0,22,180,53564.350000000006,31227.21,49.37
31,Noord-Holland,Netherlands,1085,"2012-01-07 00:00:00",0,32,340,102879.77,61355.630000000005,94.82
31,Overijssel,Netherlands,1085,"2012-01-07 00:00:00",0,7,57,10126.369999999997,5372.77,9.33
31,Utrecht,Netherlands,1085,"2012-01-07 00:00:00",0,17,141,30953.47,18332.76,28.53
31,Zeeland,Netherlands,1085,"2012-01-07 00:00:00",0,4,29,4637.759999999999,2598.7199999999993,4.27
31,Zuid-Holland,Netherlands,1085,"2012-01-07 00:00:00",0,38,248,58806.99,32675.299999999996,54.2
32,Flevoland,Netherlands,910,"2010-01-01 00:00:00",0,22,198,46541.15999999999,27042.20000000001,51.14
32,Gelderland,Netherlands,910,"2010-01-01 00:00:00",0,34,257,64307.12,37070.99,70.67
32,Limburg,Netherlands,910,"2010-01-01 00:00:00",0,10,67,13680.460000000001,7203.920000000002,15.03
32,Noord-Brabant,Netherlands,910,"2010-01-01 00:00:00",0,21,137,30019.249999999996,17139.97,32.99
32,Noord-Holland,Netherlands,910,"2010-01-01 00:00:00",0,27,219,51452.600000000006,29979.29,56.54
32,Overijssel,Netherlands,910,"2010-01-01 00:00:00",0,21,158,36903.26,20943.12999999999,40.55
32,Utrecht,Netherlands,910,"2010-01-01 00:00:00",0,13,87,14986.33,8085.19,16.47
32,Zeeland,Netherlands,910,"2010-01-01 00:00:00",0,8,52,10915.79,6124.3200000000015,12
32,Zuid-Holland,Netherlands,910,"2010-01-01 00:00:00",0,40,299,113789.13000000005,68625.23999999998,125.04
33,Friesland,Netherlands,1540,"2015-12-09 00:00:00",0,33,299,89140.95999999999,52540.19,57.88
33,Gelderland,Netherlands,1540,"2015-12-09 00:00:00",0,29,227,47158.56000000001,27688.26999999999,30.62
33,Limburg,Netherlands,1540,"2015-12-09 00:00:00",0,14,128,27912.760000000002,15239.809999999998,18.13
33,Noord-Brabant,Netherlands,1540,"2015-12-09 00:00:00",0,28,182,65832.31000000001,40770.86,42.75
33,Noord-Holland,Netherlands,1540,"2015-12-09 00:00:00",0,35,226,52923.6,31075.889999999985,34.37
33,Overijssel,Netherlands,1540,"2015-12-09 00:00:00",0,20,147,30558.049999999996,17339.510000000002,19.84
33,Utrecht,Netherlands,1540,"2015-12-09 00:00:00",0,19,105,41424.36,25723.67,26.9
33,Zeeland,Netherlands,1540,"2015-12-09 00:00:00",0,5,52,16375.02,8825.949999999999,10.63
33,Zuid-Holland,Netherlands,1540,"2015-12-09 00:00:00",0,25,208,45533.37000000001,27288.35,29.57
34,Gelderland,Netherlands,1365,"2010-01-01 00:00:00",0,28,219,68003.23000000001,41068.75000000001,49.82
34,Groningen,Netherlands,1365,"2010-01-01 00:00:00",0,22,176,37843.320000000014,21827.8,27.72
34,Limburg,Netherlands,1365,"2010-01-01 00:00:00",0,9,63,27360.9,17046.609999999997,20.04
34,Noord-Brabant,Netherlands,1365,"2010-01-01 00:00:00",0,22,162,40048.899999999994,22915.789999999997,29.34
34,Noord-Holland,Netherlands,1365,"2010-01-01 00:00:00",0,40,313,111636.53000000001,68185.52999999997,81.79
34,Overijssel,Netherlands,1365,"2010-01-01 00:00:00",0,8,74,18103.55,10760.660000000002,13.26
34,Utrecht,Netherlands,1365,"2010-01-01 00:00:00",0,19,142,36347.44,21651.459999999992,26.63
34,Zeeland,Netherlands,1365,"2010-01-01 00:00:00",0,5,57,35717.23999999999,23220.36999999999,26.17
34,Zuid-Holland,Netherlands,1365,"2010-01-01 00:00:00",0,43,259,59699.13000000001,34493.53000000002,43.74
36,Aberdeen,"United Kingdom",1300,"2014-07-02 00:00:00",0,2,15,4962.62,3115.5699999999997,3.82
36,Aberdeenshire,"United Kingdom",1300,"2014-07-02 00:00:00",0,13,95,14146.810000000001,7786.269999999999,10.88
36,Allerdale,"United Kingdom",1300,"2014-07-02 00:00:00",0,2,6,1191.6,584.0799999999999,0.92
36,Anglesey,"United Kingdom",1300,"2014-07-02 00:00:00",0,3,24,8804.89,4941.04,6.77
36,Angus,"United Kingdom",1300,"2014-07-02 00:00:00",0,3,18,2559.54,1382.52,1.97
36,Argyllshire,"United Kingdom",1300,"2014-07-02 00:00:00",0,10,60,15124.859999999999,8378.630000000001,11.63
36,Ashfield,"United Kingdom",1300,"2014-07-02 00:00:00",0,2,42,6474.15,3333.19,4.98
36,"Aylesbury Vale","United Kingdom",1300,"2014-07-02 00:00:00",0,2,6,1279.95,687.1000000000001,0.98
36,Barnet,"United Kingdom",1300,"2014-07-02 00:00:00",0,1,7,3913,2113.58,3.01
36,Bedford,"United Kingdom",1300,"2014-07-02 00:00:00",0,1,14,829.89,488.09000000000003,0.64
36,Berkshire,"United Kingdom",1300,"2014-07-02 00:00:00",0,2,12,2070,1189.06,1.59
36,"Bracknell Forest","United Kingdom",1300,"2014-07-02 00:00:00",0,2,17,2985.5499999999997,1637.3400000000001,2.3
36,Braintree,"United Kingdom",1300,"2014-07-02 00:00:00",0,1,4,264,129.4,0.2
36,Breckland,"United Kingdom",1300,"2014-07-02 00:00:00",0,1,39,5102.67,2698.09,3.93
36,Brentwood,"United Kingdom",1300,"2014-07-02 00:00:00",0,1,1,436.2,291.67999999999995,0.34
36,Bromley,"United Kingdom",1300,"2014-07-02 00:00:00",0,4,32,8819.720000000001,4946.48,6.78
36,Caerphilly,"United Kingdom",1300,"2014-07-02 00:00:00",0,2,20,3090.34,1760.2800000000002,2.38
36,Calderdale,"United Kingdom",1300,"2014-07-02 00:00:00",0,1,7,2256.96,1437.77,1.74
36,Cambridge,"United Kingdom",1300,"2014-07-02 00:00:00",0,2,13,2276.94,1161.32,1.75
36,Carlisle,"United Kingdom",1300,"2014-07-02 00:00:00",0,4,45,15281.609999999997,8596.54,11.76
36,Carmarthenshire,"United Kingdom",1300,"2014-07-02 00:00:00",0,6,44,10717.299999999997,6373.780000000001,8.24
36,"Central Bedfordshire","United Kingdom",1300,"2014-07-02 00:00:00",0,2,12,1820.17,1028.6200000000001,1.4
36,Ceredigion,"United Kingdom",1300,"2014-07-02 00:00:00",0,2,15,4236.98,2288.5,3.26
36,Chelmsford,"United Kingdom",1300,"2014-07-02 00:00:00",0,1,19,1996.69,1032.6499999999999,1.54
36,Cherwell,"United Kingdom",1300,"2014-07-02 00:00:00",0,4,26,3957.3199999999997,2311.22,3.04
36,"Cheshire East","United Kingdom",1300,"2014-07-02 00:00:00",0,3,22,7967.53,4403.700000000001,6.13
36,"Cheshire West and Chester","United Kingdom",1300,"2014-07-02 00:00:00",0,3,23,9075.039999999999,5303.82,6.98
36,Chesterfield,"United Kingdom",1300,"2014-07-02 00:00:00",0,3,24,7574.88,3882.75,5.83
36,Christchurch,"United Kingdom",1300,"2014-07-02 00:00:00",0,1,1,289.99,193.91000000000003,0.22
36,Colchester,"United Kingdom",1300,"2014-07-02 00:00:00",0,2,10,2437.9700000000003,1485.74,1.88
36,"Comhairle nan Eilean Siar","United Kingdom",1300,"2014-07-02 00:00:00",0,2,25,7316.36,4758.59,5.63
36,Conwy,"United Kingdom",1300,"2014-07-02 00:00:00",0,1,10,5074.9,3334.94,3.9
36,Copeland,"United Kingdom",1300,"2014-07-02 00:00:00",0,1,1,998,667.3399999999999,0.77
36,Cornwall,"United Kingdom",1300,"2014-07-02 00:00:00",0,17,149,34361.14,20667.31,26.43
36,Cotswold,"United Kingdom",1300,"2014-07-02 00:00:00",0,2,4,3277.9799999999996,2171.37,2.52
36,"County Durham","United Kingdom",1300,"2014-07-02 00:00:00",0,3,21,3479.3,1875.4800000000002,2.68
36,Craven,"United Kingdom",1300,"2014-07-02 00:00:00",0,2,8,1317.97,772.47,1.01
36,Darlington,"United Kingdom",1300,"2014-07-02 00:00:00",0,2,25,3871.9799999999996,1941.6499999999996,2.98
36,Daventry,"United Kingdom",1300,"2014-07-02 00:00:00",0,2,23,10557.87,6799.599999999999,8.12
36,Denbighshire,"United Kingdom",1300,"2014-07-02 00:00:00",0,1,10,621.52,335.7,0.48
36,"Derbyshire Dales","United Kingdom",1300,"2014-07-02 00:00:00",0,4,29,6622.91,4004.4600000000005,5.09
36,Dumfriesshire,"United Kingdom",1300,"2014-07-02 00:00:00",0,4,17,967.0999999999999,516.5899999999999,0.74
36,"East Hampshire","United Kingdom",1300,"2014-07-02 00:00:00",0,1,2,279.98,137.24,0.22
36,"East Hertfordshire","United Kingdom",1300,"2014-07-02 00:00:00",0,1,9,1701.75,881.7,1.31
36,"East Riding of Yorkshire","United Kingdom",1300,"2014-07-02 00:00:00",0,3,42,20111.65,12757.689999999999,15.47
36,Eden,"United Kingdom",1300,"2014-07-02 00:00:00",0,2,31,16547.94,10154.56,12.73
36,Ely,"United Kingdom",1300,"2014-07-02 00:00:00",0,1,19,1066.5,564.8399999999999,0.82
36,Enfield,"United Kingdom",1300,"2014-07-02 00:00:00",0,1,1,791,427.25,0.61
36,Erewash,"United Kingdom",1300,"2014-07-02 00:00:00",0,1,7,1060.92,549.99,0.82
36,Exeter,"United Kingdom",1300,"2014-07-02 00:00:00",0,10,81,19784.42,11172.37,15.22
36,Falkirk,"United Kingdom",1300,"2014-07-02 00:00:00",0,6,34,11236.58,6395.7699999999995,8.64
36,Fife,"United Kingdom",1300,"2014-07-02 00:00:00",0,7,70,15539.089999999998,9539.73,11.95
36,Flintshire,"United Kingdom",1300,"2014-07-02 00:00:00",0,2,13,4775.65,2658.4700000000003,3.67
36,"Forest Heath","United Kingdom",1300,"2014-07-02 00:00:00",0,1,4,876,585.76,0.67
36,Fylde,"United Kingdom",1300,"2014-07-02 00:00:00",0,2,12,3076.6499999999996,1850.33,2.37
36,Gateshead,"United Kingdom",1300,"2014-07-02 00:00:00",0,1,8,2600.97,1402.6499999999999,2
36,Glasgow,"United Kingdom",1300,"2014-07-02 00:00:00",0,2,10,4625.96,2479.76,3.56
36,Gloucester,"United Kingdom",1300,"2014-07-02 00:00:00",0,4,21,2736.77,1373.9299999999998,2.11
36,Guildford,"United Kingdom",1300,"2014-07-02 00:00:00",0,2,10,6055.4,3460.359999999999,4.66
36,Gwynedd,"United Kingdom",1300,"2014-07-02 00:00:00",0,4,25,10527.819999999998,6467.8099999999995,8.1
36,Hambleton,"United Kingdom",1300,"2014-07-02 00:00:00",0,1,20,7838.78,4214.01,6.03
36,Hampshire,"United Kingdom",1300,"2014-07-02 00:00:00",0,2,8,2319,1280.72,1.78
36,Haringey,"United Kingdom",1300,"2014-07-02 00:00:00",0,2,16,8339.6,4504.53,6.42
36,Hereford,"United Kingdom",1300,"2014-07-02 00:00:00",0,6,49,9071.109999999999,4788.59,6.98
36,Highland,"United Kingdom",1300,"2014-07-02 00:00:00",0,26,155,28989.640000000003,16355.86,22.3
36,Horsham,"United Kingdom",1300,"2014-07-02 00:00:00",0,1,24,2093.62,1029.3899999999999,1.61
36,Huntingdonshire,"United Kingdom",1300,"2014-07-02 00:00:00",0,1,1,32,15.690000000000001,0.02
36,Ipswich,"United Kingdom",1300,"2014-07-02 00:00:00",0,1,12,3374,1874.1,2.6
36,"Isle of Man","United Kingdom",1300,"2014-07-02 00:00:00",0,3,22,2250.39,1333.21,1.73
36,"Isle of Wight","United Kingdom",1300,"2014-07-02 00:00:00",0,1,10,991.23,535.38,0.76
36,Kennet,"United Kingdom",1300,"2014-07-02 00:00:00",0,2,25,12822.649999999998,8244.45,9.86
36,Kent,"United Kingdom",1300,"2014-07-02 00:00:00",0,3,26,10873.14,6802.320000000001,8.36
36,Kirkcudbrightshire,"United Kingdom",1300,"2014-07-02 00:00:00",0,2,11,4753,2374.58,3.66
36,Lancaster,"United Kingdom",1300,"2014-07-02 00:00:00",0,6,49,8058.92,4360,6.2
36,Leeds,"United Kingdom",1300,"2014-07-02 00:00:00",0,3,25,1596.2700000000002,856.5899999999999,1.23
36,Leicester,"United Kingdom",1300,"2014-07-02 00:00:00",0,3,39,7733.07,4467.07,5.95
36,Lichfield,"United Kingdom",1300,"2014-07-02 00:00:00",0,1,12,6285.320000000001,4076.7599999999998,4.83
36,Lincoln,"United Kingdom",1300,"2014-07-02 00:00:00",0,4,30,8125.16,4827.82,6.25
36,"Llandrindod Wells","United Kingdom",1300,"2014-07-02 00:00:00",0,3,17,12578.439999999999,8097.87,9.68
36,Mendip,"United Kingdom",1300,"2014-07-02 00:00:00",0,2,12,2747.08,1362.48,2.11
36,"Mid Devon","United Kingdom",1300,"2014-07-02 00:00:00",0,2,20,5231.66,3143.83,4.02
36,"Mid Suffolk","United Kingdom",1300,"2014-07-02 00:00:00",0,1,1,129,63.230000000000004,0.1
36,"Mid Sussex","United Kingdom",1300,"2014-07-02 00:00:00",0,1,2,1938,1295.9,1.49
36,Midlothian,"United Kingdom",1300,"2014-07-02 00:00:00",0,1,4,37.86,22.66,0.03
36,"Milton Keynes","United Kingdom",1300,"2014-07-02 00:00:00",0,1,3,129,63.239999999999995,0.1
36,"Mole Valley","United Kingdom",1300,"2014-07-02 00:00:00",0,1,1,1099.99,594.14,0.85
36,Monmouthshire,"United Kingdom",1300,"2014-07-02 00:00:00",0,1,6,1998.77,1088.6599999999999,1.54
36,Moray,"United Kingdom",1300,"2014-07-02 00:00:00",0,3,45,5789.939999999999,3405.9000000000005,4.45
36,"Neath Port Talbot","United Kingdom",1300,"2014-07-02 00:00:00",0,2,5,838.96,453.14,0.65
36,"New Forest","United Kingdom",1300,"2014-07-02 00:00:00",0,2,14,3221.21,1706.94,2.48
36,"Newark and Sherwood","United Kingdom",1300,"2014-07-02 00:00:00",0,2,9,1114.6100000000001,587.88,0.86
36,Newcastle,"United Kingdom",1300,"2014-07-02 00:00:00",0,1,15,2878.34,1518.6399999999999,2.21
36,Newmarket,"United Kingdom",1300,"2014-07-02 00:00:00",0,1,2,259.8,127.34,0.2
36,Newport,"United Kingdom",1300,"2014-07-02 00:00:00",0,5,30,6892.479999999999,3637.44,5.3
36,Norfolk,"United Kingdom",1300,"2014-07-02 00:00:00",0,11,57,14143.889999999998,7431.560000000001,10.88
36,"North Ayrshire","United Kingdom",1300,"2014-07-02 00:00:00",0,1,15,3215,2033.5,2.47
36,"North Dorset","United Kingdom",1300,"2014-07-02 00:00:00",0,1,3,774,418.04999999999995,0.6
36,"North Hertfordshire","United Kingdom",1300,"2014-07-02 00:00:00",0,1,12,4027.6,2172.4900000000002,3.1
36,"North Kesteven","United Kingdom",1300,"2014-07-02 00:00:00",0,1,2,86,42.16,0.07
36,"North Lanarkshire","United Kingdom",1300,"2014-07-02 00:00:00",0,1,6,2874,1478.6,2.21
36,"North Lincolnshire","United Kingdom",1300,"2014-07-02 00:00:00",0,1,1,9.99,4.9,0.01
36,"North Yorkshire","United Kingdom",1300,"2014-07-02 00:00:00",0,7,46,5555.68,3028.62,4.27
36,Northumberland,"United Kingdom",1300,"2014-07-02 00:00:00",0,4,20,11900.720000000001,7219.96,9.15
36,"Orkney Islands","United Kingdom",1300,"2014-07-02 00:00:00",0,2,14,3225,1959.4099999999999,2.48
36,Oxford,"United Kingdom",1300,"2014-07-02 00:00:00",0,1,3,1954.2,1260.19,1.5
36,Pembrokeshire,"United Kingdom",1300,"2014-07-02 00:00:00",0,10,61,13831.24,7565.41,10.64
36,"Perth and Kinross","United Kingdom",1300,"2014-07-02 00:00:00",0,8,43,11072.43,6115.549999999999,8.52
36,Powys,"United Kingdom",1300,"2014-07-02 00:00:00",0,4,44,5544.45,3121.2,4.26
36,"Rhondda Cynon Taf","United Kingdom",1300,"2014-07-02 00:00:00",0,2,30,6648.41,4065.8699999999994,5.11
36,"Ribble Valley","United Kingdom",1300,"2014-07-02 00:00:00",0,2,20,5287.95,2883.2200000000003,4.07
36,Ripon,"United Kingdom",1300,"2014-07-02 00:00:00",0,1,17,3141.8299999999995,1957.75,2.42
